"idxATAC","idxRNA","Correlation","FDR","VarQATAC","VarQRNA","gene","chr","start","end","RSID_locus","RSID","chr_atac","start_atac","end_atac","type","ref","Pvalue_locus","log10P_locus","chr_hg38_locus","start_hg38_locus","end_hg38_locus","window_left","window_right","Chr","Pos_b37","Allele1","Allele2","Freq1","Effect","StdErr","P.value_correct","log10P","n_total_sum","chr_hg38","start_hg38","end_hg38","pos_hg38"
231025,6990,0.82,1.04561704972482e-117,0.966583667651461,0.940268313458262,"MAF","chr16","79721307","79721807","rs57652769","rs4575545","chr16",79721266,79721699,"PCT","Tin_trans",2.319e-27,26.634699251362,"chr16",79720074,79720084,79470079,79970079,16,79755446,"a","g",0.2907,-0.038,0.0035,3.915e-27,26.407268233606,441900,"chr16",79721544,79721554,79721544
231025,6990,0.82,1.04561704972482e-117,0.966583667651461,0.940268313458262,"MAF","chr16","79721307","79721807","rs57652769","rs4575545","chr16",79720886,79722123,"PCT","Tin_trans",2.319e-27,26.634699251362,"chr16",79720074,79720084,79470079,79970079,16,79755446,"a","g",0.2907,-0.038,0.0035,3.915e-27,26.407268233606,441900,"chr16",79721544,79721554,79721544
231025,6990,0.82,1.04561704972482e-117,0.966583667651461,0.940268313458262,"MAF","chr16","79721307","79721807","rs57652769","rs4575545","chr16",79721184,79721897,"PCT","Tin_trans",2.319e-27,26.634699251362,"chr16",79720074,79720084,79470079,79970079,16,79755446,"a","g",0.2907,-0.038,0.0035,3.915e-27,26.407268233606,441900,"chr16",79721544,79721554,79721544
231025,6990,0.82,1.04561704972482e-117,0.966583667651461,0.940268313458262,"MAF","chr16","79721307","79721807","rs57652769","rs4575545","chr16",79721351,79721722,"PODO","Tin_trans",2.319e-27,26.634699251362,"chr16",79720074,79720084,79470079,79970079,16,79755446,"a","g",0.2907,-0.038,0.0035,3.915e-27,26.407268233606,441900,"chr16",79721544,79721554,79721544
231025,6990,0.82,1.04561704972482e-117,0.966583667651461,0.940268313458262,"MAF","chr16","79721307","79721807","rs57652769","rs4575545","chr16",79721199,79721751,"PCT","Tin_trans",2.319e-27,26.634699251362,"chr16",79720074,79720084,79470079,79970079,16,79755446,"a","g",0.2907,-0.038,0.0035,3.915e-27,26.407268233606,441900,"chr16",79721544,79721554,79721544
231025,6990,0.82,1.04561704972482e-117,0.966583667651461,0.940268313458262,"MAF","chr16","79721307","79721807","rs57652769","rs4575545","chr16",79721271,79721753,"ENDO","Tin_trans",2.319e-27,26.634699251362,"chr16",79720074,79720084,79470079,79970079,16,79755446,"a","g",0.2907,-0.038,0.0035,3.915e-27,26.407268233606,441900,"chr16",79721544,79721554,79721544
231025,6990,0.82,1.04561704972482e-117,0.966583667651461,0.940268313458262,"MAF","chr16","79721307","79721807","rs57652769","rs4575545","chr16",79721202,79721689,"CDPC","Tin_trans",2.319e-27,26.634699251362,"chr16",79720074,79720084,79470079,79970079,16,79755446,"a","g",0.2907,-0.038,0.0035,3.915e-27,26.407268233606,441900,"chr16",79721544,79721554,79721544
231025,6990,0.82,1.04561704972482e-117,0.966583667651461,0.940268313458262,"MAF","chr16","79721307","79721807","rs57652769","rs4575545","chr16",79721164,79721770,"PCT","Tin_trans",2.319e-27,26.634699251362,"chr16",79720074,79720084,79470079,79970079,16,79755446,"a","g",0.2907,-0.038,0.0035,3.915e-27,26.407268233606,441900,"chr16",79721544,79721554,79721544
231025,6990,0.82,1.04561704972482e-117,0.966583667651461,0.940268313458262,"MAF","chr16","79721307","79721807","rs57652769","rs4575545","chr16",79721263,79721691,"LOH","Tin_trans",2.319e-27,26.634699251362,"chr16",79720074,79720084,79470079,79970079,16,79755446,"a","g",0.2907,-0.038,0.0035,3.915e-27,26.407268233606,441900,"chr16",79721544,79721554,79721544
231025,6990,0.82,1.04561704972482e-117,0.966583667651461,0.940268313458262,"MAF","chr16","79721307","79721807","rs57652769","rs4575545","chr16",79721434,79721634,"PEC","Tin_trans",2.319e-27,26.634699251362,"chr16",79720074,79720084,79470079,79970079,16,79755446,"a","g",0.2907,-0.038,0.0035,3.915e-27,26.407268233606,441900,"chr16",79721544,79721554,79721544
231025,6990,0.82,1.04561704972482e-117,0.966583667651461,0.940268313458262,"MAF","chr16","79721307","79721807","rs57652769","rs4575545","chr16",79721505,79721774,"MES","Tin_trans",2.319e-27,26.634699251362,"chr16",79720074,79720084,79470079,79970079,16,79755446,"a","g",0.2907,-0.038,0.0035,3.915e-27,26.407268233606,441900,"chr16",79721544,79721554,79721544
231025,6990,0.82,1.04561704972482e-117,0.966583667651461,0.940268313458262,"MAF","chr16","79721307","79721807","rs57652769","rs4575545","chr16",79721283,79721711,"DCT","Tin_trans",2.319e-27,26.634699251362,"chr16",79720074,79720084,79470079,79970079,16,79755446,"a","g",0.2907,-0.038,0.0035,3.915e-27,26.407268233606,441900,"chr16",79721544,79721554,79721544
231025,6990,0.82,1.04561704972482e-117,0.966583667651461,0.940268313458262,"MAF","chr16","79721307","79721807","rs57652769","rs4575545","chr16",79721207,79721634,"CDPC","Tin_trans",2.319e-27,26.634699251362,"chr16",79720074,79720084,79470079,79970079,16,79755446,"a","g",0.2907,-0.038,0.0035,3.915e-27,26.407268233606,441900,"chr16",79721544,79721554,79721544
231025,6990,0.82,1.04561704972482e-117,0.966583667651461,0.940268313458262,"MAF","chr16","79721307","79721807","rs57652769","rs4575545","chr16",79721222,79721657,"CDICA","Tin_trans",2.319e-27,26.634699251362,"chr16",79720074,79720084,79470079,79970079,16,79755446,"a","g",0.2907,-0.038,0.0035,3.915e-27,26.407268233606,441900,"chr16",79721544,79721554,79721544
231025,6990,0.82,1.04561704972482e-117,0.966583667651461,0.940268313458262,"MAF","chr16","79721307","79721807","rs57652769","rs4575545","chr16",79721069,79721773,"PCT","Tin_trans",2.319e-27,26.634699251362,"chr16",79720074,79720084,79470079,79970079,16,79755446,"a","g",0.2907,-0.038,0.0035,3.915e-27,26.407268233606,441900,"chr16",79721544,79721554,79721544
231025,6990,0.82,1.04561704972482e-117,0.966583667651461,0.940268313458262,"MAF","chr16","79721307","79721807","rs57652769","rs4575545","chr16",79721194,79721835,"PCT","Tin_trans",2.319e-27,26.634699251362,"chr16",79720074,79720084,79470079,79970079,16,79755446,"a","g",0.2907,-0.038,0.0035,3.915e-27,26.407268233606,441900,"chr16",79721544,79721554,79721544
231021,6990,0.7,1.01539431325955e-69,0.591609121079726,0.940268313458262,"MAF","chr16","79712227","79712727","rs57652769","rs17689455","chr16",79712379,79712579,"ENDO","Tin_trans",2.319e-27,26.634699251362,"chr16",79720074,79720084,79470079,79970079,16,79746335,"a","t",0.2981,-0.0354,0.0034,5.575e-26,25.2537551282798,451941,"chr16",79712433,79712443,79712433
231021,6990,0.7,1.01539431325955e-69,0.591609121079726,0.940268313458262,"MAF","chr16","79712227","79712727","rs57652769","rs17689455","chr16",79712175,79712633,"PCT","Tin_trans",2.319e-27,26.634699251362,"chr16",79720074,79720084,79470079,79970079,16,79746335,"a","t",0.2981,-0.0354,0.0034,5.575e-26,25.2537551282798,451941,"chr16",79712433,79712443,79712433
231021,6990,0.7,1.01539431325955e-69,0.591609121079726,0.940268313458262,"MAF","chr16","79712227","79712727","rs57652769","rs17689455","chr16",79712325,79712633,"PCT","Tin_trans",2.319e-27,26.634699251362,"chr16",79720074,79720084,79470079,79970079,16,79746335,"a","t",0.2981,-0.0354,0.0034,5.575e-26,25.2537551282798,451941,"chr16",79712433,79712443,79712433
231021,6990,0.7,1.01539431325955e-69,0.591609121079726,0.940268313458262,"MAF","chr16","79712227","79712727","rs57652769","rs17689455","chr16",79712325,79712603,"PCT","Tin_trans",2.319e-27,26.634699251362,"chr16",79720074,79720084,79470079,79970079,16,79746335,"a","t",0.2981,-0.0354,0.0034,5.575e-26,25.2537551282798,451941,"chr16",79712433,79712443,79712433
231021,6990,0.7,1.01539431325955e-69,0.591609121079726,0.940268313458262,"MAF","chr16","79712227","79712727","rs57652769","rs17689455","chr16",79712318,79712651,"PCT","Tin_trans",2.319e-27,26.634699251362,"chr16",79720074,79720084,79470079,79970079,16,79746335,"a","t",0.2981,-0.0354,0.0034,5.575e-26,25.2537551282798,451941,"chr16",79712433,79712443,79712433
231021,6990,0.7,1.01539431325955e-69,0.591609121079726,0.940268313458262,"MAF","chr16","79712227","79712727","rs57652769","rs17689455","chr16",79712330,79712632,"PCT","Tin_trans",2.319e-27,26.634699251362,"chr16",79720074,79720084,79470079,79970079,16,79746335,"a","t",0.2981,-0.0354,0.0034,5.575e-26,25.2537551282798,451941,"chr16",79712433,79712443,79712433
102543,15018,0.86,1.47852153011136e-141,0.805367904745234,0.999041737649063,"SLC17A1","chr6","25835843","25836343","rs1359232","rs1165183","chr6",25835940,25836262,"ENDO","Tin_trans",5.59e-159,158.252588192114,"chr6",25809483,25809493,25559488,26059488,6,25836380,"a","g",0.4162,-0.0861,0.0033,4.23e-149,148.373659632625,457672,"chr6",25836147,25836157,25836147
102543,15018,0.86,1.47852153011136e-141,0.805367904745234,0.999041737649063,"SLC17A1","chr6","25835843","25836343","rs1359232","rs1165183","chr6",25835786,25836470,"PCT","Tin_trans",5.59e-159,158.252588192114,"chr6",25809483,25809493,25559488,26059488,6,25836380,"a","g",0.4162,-0.0861,0.0033,4.23e-149,148.373659632625,457672,"chr6",25836147,25836157,25836147
102543,15018,0.86,1.47852153011136e-141,0.805367904745234,0.999041737649063,"SLC17A1","chr6","25835843","25836343","rs1359232","rs1165183","chr6",25835875,25836314,"PCT","Tin_trans",5.59e-159,158.252588192114,"chr6",25809483,25809493,25559488,26059488,6,25836380,"a","g",0.4162,-0.0861,0.0033,4.23e-149,148.373659632625,457672,"chr6",25836147,25836157,25836147
102543,15018,0.86,1.47852153011136e-141,0.805367904745234,0.999041737649063,"SLC17A1","chr6","25835843","25836343","rs1359232","rs1165183","chr6",25835870,25836558,"PCT","Tin_trans",5.59e-159,158.252588192114,"chr6",25809483,25809493,25559488,26059488,6,25836380,"a","g",0.4162,-0.0861,0.0033,4.23e-149,148.373659632625,457672,"chr6",25836147,25836157,25836147
102543,15018,0.86,1.47852153011136e-141,0.805367904745234,0.999041737649063,"SLC17A1","chr6","25835843","25836343","rs1359232","rs1165183","chr6",25835961,25836213,"PCT","Tin_trans",5.59e-159,158.252588192114,"chr6",25809483,25809493,25559488,26059488,6,25836380,"a","g",0.4162,-0.0861,0.0033,4.23e-149,148.373659632625,457672,"chr6",25836147,25836157,25836147
102543,15018,0.86,1.47852153011136e-141,0.805367904745234,0.999041737649063,"SLC17A1","chr6","25835843","25836343","rs1359232","rs1165183","chr6",25835861,25836588,"PCT","Tin_trans",5.59e-159,158.252588192114,"chr6",25809483,25809493,25559488,26059488,6,25836380,"a","g",0.4162,-0.0861,0.0033,4.23e-149,148.373659632625,457672,"chr6",25836147,25836157,25836147
102543,15018,0.86,1.47852153011136e-141,0.805367904745234,0.999041737649063,"SLC17A1","chr6","25835843","25836343","rs1359232","rs1165183","chr6",25836005,25836342,"PCT","Tin_trans",5.59e-159,158.252588192114,"chr6",25809483,25809493,25559488,26059488,6,25836380,"a","g",0.4162,-0.0861,0.0033,4.23e-149,148.373659632625,457672,"chr6",25836147,25836157,25836147
102543,15018,0.86,1.47852153011136e-141,0.805367904745234,0.999041737649063,"SLC17A1","chr6","25835843","25836343","rs1359232","rs1165183","chr6",25835942,25836165,"CDICA","Tin_trans",5.59e-159,158.252588192114,"chr6",25809483,25809493,25559488,26059488,6,25836380,"a","g",0.4162,-0.0861,0.0033,4.23e-149,148.373659632625,457672,"chr6",25836147,25836157,25836147
102543,15019,0.76,4.37456175011057e-90,0.805367904745234,0.988234667802385,"SLC17A3","chr6","25835843","25836343","rs1359232","rs1165183","chr6",25835940,25836262,"ENDO","Tin_trans",5.59e-159,158.252588192114,"chr6",25809483,25809493,25559488,26059488,6,25836380,"a","g",0.4162,-0.0861,0.0033,4.23e-149,148.373659632625,457672,"chr6",25836147,25836157,25836147
102543,15019,0.76,4.37456175011057e-90,0.805367904745234,0.988234667802385,"SLC17A3","chr6","25835843","25836343","rs1359232","rs1165183","chr6",25835786,25836470,"PCT","Tin_trans",5.59e-159,158.252588192114,"chr6",25809483,25809493,25559488,26059488,6,25836380,"a","g",0.4162,-0.0861,0.0033,4.23e-149,148.373659632625,457672,"chr6",25836147,25836157,25836147
102543,15019,0.76,4.37456175011057e-90,0.805367904745234,0.988234667802385,"SLC17A3","chr6","25835843","25836343","rs1359232","rs1165183","chr6",25835875,25836314,"PCT","Tin_trans",5.59e-159,158.252588192114,"chr6",25809483,25809493,25559488,26059488,6,25836380,"a","g",0.4162,-0.0861,0.0033,4.23e-149,148.373659632625,457672,"chr6",25836147,25836157,25836147
102543,15019,0.76,4.37456175011057e-90,0.805367904745234,0.988234667802385,"SLC17A3","chr6","25835843","25836343","rs1359232","rs1165183","chr6",25835870,25836558,"PCT","Tin_trans",5.59e-159,158.252588192114,"chr6",25809483,25809493,25559488,26059488,6,25836380,"a","g",0.4162,-0.0861,0.0033,4.23e-149,148.373659632625,457672,"chr6",25836147,25836157,25836147
102543,15019,0.76,4.37456175011057e-90,0.805367904745234,0.988234667802385,"SLC17A3","chr6","25835843","25836343","rs1359232","rs1165183","chr6",25835961,25836213,"PCT","Tin_trans",5.59e-159,158.252588192114,"chr6",25809483,25809493,25559488,26059488,6,25836380,"a","g",0.4162,-0.0861,0.0033,4.23e-149,148.373659632625,457672,"chr6",25836147,25836157,25836147
102543,15019,0.76,4.37456175011057e-90,0.805367904745234,0.988234667802385,"SLC17A3","chr6","25835843","25836343","rs1359232","rs1165183","chr6",25835861,25836588,"PCT","Tin_trans",5.59e-159,158.252588192114,"chr6",25809483,25809493,25559488,26059488,6,25836380,"a","g",0.4162,-0.0861,0.0033,4.23e-149,148.373659632625,457672,"chr6",25836147,25836157,25836147
102543,15019,0.76,4.37456175011057e-90,0.805367904745234,0.988234667802385,"SLC17A3","chr6","25835843","25836343","rs1359232","rs1165183","chr6",25836005,25836342,"PCT","Tin_trans",5.59e-159,158.252588192114,"chr6",25809483,25809493,25559488,26059488,6,25836380,"a","g",0.4162,-0.0861,0.0033,4.23e-149,148.373659632625,457672,"chr6",25836147,25836157,25836147
102543,15019,0.76,4.37456175011057e-90,0.805367904745234,0.988234667802385,"SLC17A3","chr6","25835843","25836343","rs1359232","rs1165183","chr6",25835942,25836165,"CDICA","Tin_trans",5.59e-159,158.252588192114,"chr6",25809483,25809493,25559488,26059488,6,25836380,"a","g",0.4162,-0.0861,0.0033,4.23e-149,148.373659632625,457672,"chr6",25836147,25836157,25836147
102543,15017,0.82,1.24107256319695e-116,0.805367904745234,0.95144804088586,"SLC17A4","chr6","25835843","25836343","rs1359232","rs1165183","chr6",25835940,25836262,"ENDO","Tin_trans",5.59e-159,158.252588192114,"chr6",25809483,25809493,25559488,26059488,6,25836380,"a","g",0.4162,-0.0861,0.0033,4.23e-149,148.373659632625,457672,"chr6",25836147,25836157,25836147
102543,15017,0.82,1.24107256319695e-116,0.805367904745234,0.95144804088586,"SLC17A4","chr6","25835843","25836343","rs1359232","rs1165183","chr6",25835786,25836470,"PCT","Tin_trans",5.59e-159,158.252588192114,"chr6",25809483,25809493,25559488,26059488,6,25836380,"a","g",0.4162,-0.0861,0.0033,4.23e-149,148.373659632625,457672,"chr6",25836147,25836157,25836147
102543,15017,0.82,1.24107256319695e-116,0.805367904745234,0.95144804088586,"SLC17A4","chr6","25835843","25836343","rs1359232","rs1165183","chr6",25835875,25836314,"PCT","Tin_trans",5.59e-159,158.252588192114,"chr6",25809483,25809493,25559488,26059488,6,25836380,"a","g",0.4162,-0.0861,0.0033,4.23e-149,148.373659632625,457672,"chr6",25836147,25836157,25836147
102543,15017,0.82,1.24107256319695e-116,0.805367904745234,0.95144804088586,"SLC17A4","chr6","25835843","25836343","rs1359232","rs1165183","chr6",25835870,25836558,"PCT","Tin_trans",5.59e-159,158.252588192114,"chr6",25809483,25809493,25559488,26059488,6,25836380,"a","g",0.4162,-0.0861,0.0033,4.23e-149,148.373659632625,457672,"chr6",25836147,25836157,25836147
102543,15017,0.82,1.24107256319695e-116,0.805367904745234,0.95144804088586,"SLC17A4","chr6","25835843","25836343","rs1359232","rs1165183","chr6",25835961,25836213,"PCT","Tin_trans",5.59e-159,158.252588192114,"chr6",25809483,25809493,25559488,26059488,6,25836380,"a","g",0.4162,-0.0861,0.0033,4.23e-149,148.373659632625,457672,"chr6",25836147,25836157,25836147
102543,15017,0.82,1.24107256319695e-116,0.805367904745234,0.95144804088586,"SLC17A4","chr6","25835843","25836343","rs1359232","rs1165183","chr6",25835861,25836588,"PCT","Tin_trans",5.59e-159,158.252588192114,"chr6",25809483,25809493,25559488,26059488,6,25836380,"a","g",0.4162,-0.0861,0.0033,4.23e-149,148.373659632625,457672,"chr6",25836147,25836157,25836147
102543,15017,0.82,1.24107256319695e-116,0.805367904745234,0.95144804088586,"SLC17A4","chr6","25835843","25836343","rs1359232","rs1165183","chr6",25836005,25836342,"PCT","Tin_trans",5.59e-159,158.252588192114,"chr6",25809483,25809493,25559488,26059488,6,25836380,"a","g",0.4162,-0.0861,0.0033,4.23e-149,148.373659632625,457672,"chr6",25836147,25836157,25836147
102543,15017,0.82,1.24107256319695e-116,0.805367904745234,0.95144804088586,"SLC17A4","chr6","25835843","25836343","rs1359232","rs1165183","chr6",25835942,25836165,"CDICA","Tin_trans",5.59e-159,158.252588192114,"chr6",25809483,25809493,25559488,26059488,6,25836380,"a","g",0.4162,-0.0861,0.0033,4.23e-149,148.373659632625,457672,"chr6",25836147,25836157,25836147
176153,3194,0.88,1.4399077899525e-152,0.895892799091179,0.96326660988075,"SLC22A11","chr11","64585708","64586208","rs531763","rs2360872","chr11",64585749,64586240,"PCT","Tin_trans",1.58e-246,245.801342913046,"chr11",64584586,64584596,64334591,64834591,11,64353405,"t","c",0.4392,0.1153,0.0035,6.04e-239,238.218963061379,456737,"chr11",64585928,64585938,64585928
176153,3194,0.88,1.4399077899525e-152,0.895892799091179,0.96326660988075,"SLC22A11","chr11","64585708","64586208","rs531763","rs2360872","chr11",64585924,64586124,"LOH","Tin_trans",1.58e-246,245.801342913046,"chr11",64584586,64584596,64334591,64834591,11,64353405,"t","c",0.4392,0.1153,0.0035,6.04e-239,238.218963061379,456737,"chr11",64585928,64585938,64585928
176153,3194,0.88,1.4399077899525e-152,0.895892799091179,0.96326660988075,"SLC22A11","chr11","64585708","64586208","rs531763","rs2360872","chr11",64585735,64586389,"PCT","Tin_trans",1.58e-246,245.801342913046,"chr11",64584586,64584596,64334591,64834591,11,64353405,"t","c",0.4392,0.1153,0.0035,6.04e-239,238.218963061379,456737,"chr11",64585928,64585938,64585928
176153,3194,0.88,1.4399077899525e-152,0.895892799091179,0.96326660988075,"SLC22A11","chr11","64585708","64586208","rs531763","rs2360872","chr11",64585742,64586230,"PCT","Tin_trans",1.58e-246,245.801342913046,"chr11",64584586,64584596,64334591,64834591,11,64353405,"t","c",0.4392,0.1153,0.0035,6.04e-239,238.218963061379,456737,"chr11",64585928,64585938,64585928
176153,3194,0.88,1.4399077899525e-152,0.895892799091179,0.96326660988075,"SLC22A11","chr11","64585708","64586208","rs531763","rs2360872","chr11",64585747,64586240,"PCT","Tin_trans",1.58e-246,245.801342913046,"chr11",64584586,64584596,64334591,64834591,11,64353405,"t","c",0.4392,0.1153,0.0035,6.04e-239,238.218963061379,456737,"chr11",64585928,64585938,64585928
176153,3194,0.88,1.4399077899525e-152,0.895892799091179,0.96326660988075,"SLC22A11","chr11","64585708","64586208","rs531763","rs2360872","chr11",64585766,64586313,"PCT","Tin_trans",1.58e-246,245.801342913046,"chr11",64584586,64584596,64334591,64834591,11,64353405,"t","c",0.4392,0.1153,0.0035,6.04e-239,238.218963061379,456737,"chr11",64585928,64585938,64585928
176153,3194,0.88,1.4399077899525e-152,0.895892799091179,0.96326660988075,"SLC22A11","chr11","64585708","64586208","rs531763","rs2360872","chr11",64585738,64586266,"PCT","Tin_trans",1.58e-246,245.801342913046,"chr11",64584586,64584596,64334591,64834591,11,64353405,"t","c",0.4392,0.1153,0.0035,6.04e-239,238.218963061379,456737,"chr11",64585928,64585938,64585928
176153,3194,0.88,1.4399077899525e-152,0.895892799091179,0.96326660988075,"SLC22A11","chr11","64585708","64586208","rs531763","rs2360872","chr11",64585844,64586100,"CDICA","Tin_trans",1.58e-246,245.801342913046,"chr11",64584586,64584596,64334591,64834591,11,64353405,"t","c",0.4392,0.1153,0.0035,6.04e-239,238.218963061379,456737,"chr11",64585928,64585938,64585928
176154,3194,0.82,1.47340083236271e-116,0.800480846518507,0.96326660988075,"SLC22A11","chr11","64589263","64589763","rs531763","rs505802","chr11",64589358,64589768,"PCT","Tin_trans",1.58e-246,245.801342913046,"chr11",64584586,64584596,64334591,64834591,11,64357072,"t","c",0.5608,-0.1164,0.0035,1.64e-246,245.785156151952,453145,"chr11",64589595,64589605,64589595
176154,3194,0.82,1.47340083236271e-116,0.800480846518507,0.96326660988075,"SLC22A11","chr11","64589263","64589763","rs531763","rs505802","chr11",64589330,64589771,"PCT","Tin_trans",1.58e-246,245.801342913046,"chr11",64584586,64584596,64334591,64834591,11,64357072,"t","c",0.5608,-0.1164,0.0035,1.64e-246,245.785156151952,453145,"chr11",64589595,64589605,64589595
176154,3194,0.82,1.47340083236271e-116,0.800480846518507,0.96326660988075,"SLC22A11","chr11","64589263","64589763","rs531763","rs505802","chr11",64589247,64589742,"PCT","Tin_trans",1.58e-246,245.801342913046,"chr11",64584586,64584596,64334591,64834591,11,64357072,"t","c",0.5608,-0.1164,0.0035,1.64e-246,245.785156151952,453145,"chr11",64589595,64589605,64589595
176154,3194,0.82,1.47340083236271e-116,0.800480846518507,0.96326660988075,"SLC22A11","chr11","64589263","64589763","rs531763","rs505802","chr11",64589233,64589864,"PCT","Tin_trans",1.58e-246,245.801342913046,"chr11",64584586,64584596,64334591,64834591,11,64357072,"t","c",0.5608,-0.1164,0.0035,1.64e-246,245.785156151952,453145,"chr11",64589595,64589605,64589595
176154,3194,0.82,1.47340083236271e-116,0.800480846518507,0.96326660988075,"SLC22A11","chr11","64589263","64589763","rs531763","rs505802","chr11",64589414,64589620,"PCT","Tin_trans",1.58e-246,245.801342913046,"chr11",64584586,64584596,64334591,64834591,11,64357072,"t","c",0.5608,-0.1164,0.0035,1.64e-246,245.785156151952,453145,"chr11",64589595,64589605,64589595
176154,3194,0.82,1.47340083236271e-116,0.800480846518507,0.96326660988075,"SLC22A11","chr11","64589263","64589763","rs531763","rs505802","chr11",64589323,64589752,"PCT","Tin_trans",1.58e-246,245.801342913046,"chr11",64584586,64584596,64334591,64834591,11,64357072,"t","c",0.5608,-0.1164,0.0035,1.64e-246,245.785156151952,453145,"chr11",64589595,64589605,64589595
176154,3194,0.82,1.47340083236271e-116,0.800480846518507,0.96326660988075,"SLC22A11","chr11","64589263","64589763","rs531763","rs505802","chr11",64589302,64589781,"PCT","Tin_trans",1.58e-246,245.801342913046,"chr11",64584586,64584596,64334591,64834591,11,64357072,"t","c",0.5608,-0.1164,0.0035,1.64e-246,245.785156151952,453145,"chr11",64589595,64589605,64589595
176156,3194,0.78,1.07772274929762e-96,0.941533921828503,0.96326660988075,"SLC22A11","chr11","64590846","64591346","rs531763","rs559946","chr11",64590993,64591408,"DCT","Tin_trans",1.58e-246,245.801342913046,"chr11",64584586,64584596,64334591,64834591,11,64358605,"t","c",0.5627,-0.1153,0.0035,1.12e-244,243.95078197733,456737,"chr11",64591128,64591138,64591128
176156,3194,0.78,1.07772274929762e-96,0.941533921828503,0.96326660988075,"SLC22A11","chr11","64590846","64591346","rs531763","rs559946","chr11",64590335,64591762,"PCT","Tin_trans",1.58e-246,245.801342913046,"chr11",64584586,64584596,64334591,64834591,11,64358605,"t","c",0.5627,-0.1153,0.0035,1.12e-244,243.95078197733,456737,"chr11",64591128,64591138,64591128
176156,3194,0.78,1.07772274929762e-96,0.941533921828503,0.96326660988075,"SLC22A11","chr11","64590846","64591346","rs531763","rs559946","chr11",64590449,64591543,"PCT","Tin_trans",1.58e-246,245.801342913046,"chr11",64584586,64584596,64334591,64834591,11,64358605,"t","c",0.5627,-0.1153,0.0035,1.12e-244,243.95078197733,456737,"chr11",64591128,64591138,64591128
176156,3194,0.78,1.07772274929762e-96,0.941533921828503,0.96326660988075,"SLC22A11","chr11","64590846","64591346","rs531763","rs559946","chr11",64590180,64591571,"PCT","Tin_trans",1.58e-246,245.801342913046,"chr11",64584586,64584596,64334591,64834591,11,64358605,"t","c",0.5627,-0.1153,0.0035,1.12e-244,243.95078197733,456737,"chr11",64591128,64591138,64591128
176156,3194,0.78,1.07772274929762e-96,0.941533921828503,0.96326660988075,"SLC22A11","chr11","64590846","64591346","rs531763","rs559946","chr11",64590995,64591353,"CDPC","Tin_trans",1.58e-246,245.801342913046,"chr11",64584586,64584596,64334591,64834591,11,64358605,"t","c",0.5627,-0.1153,0.0035,1.12e-244,243.95078197733,456737,"chr11",64591128,64591138,64591128
176156,3194,0.78,1.07772274929762e-96,0.941533921828503,0.96326660988075,"SLC22A11","chr11","64590846","64591346","rs531763","rs559946","chr11",64590502,64591469,"PCT","Tin_trans",1.58e-246,245.801342913046,"chr11",64584586,64584596,64334591,64834591,11,64358605,"t","c",0.5627,-0.1153,0.0035,1.12e-244,243.95078197733,456737,"chr11",64591128,64591138,64591128
176156,3194,0.78,1.07772274929762e-96,0.941533921828503,0.96326660988075,"SLC22A11","chr11","64590846","64591346","rs531763","rs559946","chr11",64591026,64591247,"PODO","Tin_trans",1.58e-246,245.801342913046,"chr11",64584586,64584596,64334591,64834591,11,64358605,"t","c",0.5627,-0.1153,0.0035,1.12e-244,243.95078197733,456737,"chr11",64591128,64591138,64591128
176156,3194,0.78,1.07772274929762e-96,0.941533921828503,0.96326660988075,"SLC22A11","chr11","64590846","64591346","rs531763","rs559946","chr11",64590968,64591247,"ENDO","Tin_trans",1.58e-246,245.801342913046,"chr11",64584586,64584596,64334591,64834591,11,64358605,"t","c",0.5627,-0.1153,0.0035,1.12e-244,243.95078197733,456737,"chr11",64591128,64591138,64591128
176156,3194,0.78,1.07772274929762e-96,0.941533921828503,0.96326660988075,"SLC22A11","chr11","64590846","64591346","rs531763","rs559946","chr11",64590779,64591303,"CDICA","Tin_trans",1.58e-246,245.801342913046,"chr11",64584586,64584596,64334591,64834591,11,64358605,"t","c",0.5627,-0.1153,0.0035,1.12e-244,243.95078197733,456737,"chr11",64591128,64591138,64591128
176156,3194,0.78,1.07772274929762e-96,0.941533921828503,0.96326660988075,"SLC22A11","chr11","64590846","64591346","rs531763","rs559946","chr11",64590961,64591312,"DCT","Tin_trans",1.58e-246,245.801342913046,"chr11",64584586,64584596,64334591,64834591,11,64358605,"t","c",0.5627,-0.1153,0.0035,1.12e-244,243.95078197733,456737,"chr11",64591128,64591138,64591128
176156,3194,0.78,1.07772274929762e-96,0.941533921828503,0.96326660988075,"SLC22A11","chr11","64590846","64591346","rs531763","rs559946","chr11",64590758,64591483,"PCT","Tin_trans",1.58e-246,245.801342913046,"chr11",64584586,64584596,64334591,64834591,11,64358605,"t","c",0.5627,-0.1153,0.0035,1.12e-244,243.95078197733,456737,"chr11",64591128,64591138,64591128
176156,3194,0.78,1.07772274929762e-96,0.941533921828503,0.96326660988075,"SLC22A11","chr11","64590846","64591346","rs531763","rs559946","chr11",64590332,64591524,"PCT","Tin_trans",1.58e-246,245.801342913046,"chr11",64584586,64584596,64334591,64834591,11,64358605,"t","c",0.5627,-0.1153,0.0035,1.12e-244,243.95078197733,456737,"chr11",64591128,64591138,64591128
176156,3194,0.78,1.07772274929762e-96,0.941533921828503,0.96326660988075,"SLC22A11","chr11","64590846","64591346","rs531763","rs3825018","chr11",64590993,64591408,"DCT","Tin_trans",1.58e-246,245.801342913046,"chr11",64584586,64584596,64334591,64834591,11,64358809,"a","g",0.5611,-0.1151,0.0035,2.61e-240,239.583359492662,457653,"chr11",64591332,64591342,64591332
176156,3194,0.78,1.07772274929762e-96,0.941533921828503,0.96326660988075,"SLC22A11","chr11","64590846","64591346","rs531763","rs3825018","chr11",64590449,64591543,"PCT","Tin_trans",1.58e-246,245.801342913046,"chr11",64584586,64584596,64334591,64834591,11,64358809,"a","g",0.5611,-0.1151,0.0035,2.61e-240,239.583359492662,457653,"chr11",64591332,64591342,64591332
176156,3194,0.78,1.07772274929762e-96,0.941533921828503,0.96326660988075,"SLC22A11","chr11","64590846","64591346","rs531763","rs3825018","chr11",64590180,64591571,"PCT","Tin_trans",1.58e-246,245.801342913046,"chr11",64584586,64584596,64334591,64834591,11,64358809,"a","g",0.5611,-0.1151,0.0035,2.61e-240,239.583359492662,457653,"chr11",64591332,64591342,64591332
176156,3194,0.78,1.07772274929762e-96,0.941533921828503,0.96326660988075,"SLC22A11","chr11","64590846","64591346","rs531763","rs3825018","chr11",64590335,64591762,"PCT","Tin_trans",1.58e-246,245.801342913046,"chr11",64584586,64584596,64334591,64834591,11,64358809,"a","g",0.5611,-0.1151,0.0035,2.61e-240,239.583359492662,457653,"chr11",64591332,64591342,64591332
176156,3194,0.78,1.07772274929762e-96,0.941533921828503,0.96326660988075,"SLC22A11","chr11","64590846","64591346","rs531763","rs3825018","chr11",64590758,64591483,"PCT","Tin_trans",1.58e-246,245.801342913046,"chr11",64584586,64584596,64334591,64834591,11,64358809,"a","g",0.5611,-0.1151,0.0035,2.61e-240,239.583359492662,457653,"chr11",64591332,64591342,64591332
176156,3194,0.78,1.07772274929762e-96,0.941533921828503,0.96326660988075,"SLC22A11","chr11","64590846","64591346","rs531763","rs3825018","chr11",64590332,64591524,"PCT","Tin_trans",1.58e-246,245.801342913046,"chr11",64584586,64584596,64334591,64834591,11,64358809,"a","g",0.5611,-0.1151,0.0035,2.61e-240,239.583359492662,457653,"chr11",64591332,64591342,64591332
176156,3194,0.78,1.07772274929762e-96,0.941533921828503,0.96326660988075,"SLC22A11","chr11","64590846","64591346","rs531763","rs3825018","chr11",64590995,64591353,"CDPC","Tin_trans",1.58e-246,245.801342913046,"chr11",64584586,64584596,64334591,64834591,11,64358809,"a","g",0.5611,-0.1151,0.0035,2.61e-240,239.583359492662,457653,"chr11",64591332,64591342,64591332
176156,3194,0.78,1.07772274929762e-96,0.941533921828503,0.96326660988075,"SLC22A11","chr11","64590846","64591346","rs531763","rs3825018","chr11",64590502,64591469,"PCT","Tin_trans",1.58e-246,245.801342913046,"chr11",64584586,64584596,64334591,64834591,11,64358809,"a","g",0.5611,-0.1151,0.0035,2.61e-240,239.583359492662,457653,"chr11",64591332,64591342,64591332
176155,3194,0.67,7.68416219381761e-63,0.401635449748681,0.96326660988075,"SLC22A11","chr11","64590297","64590797","rs531763","rs11602903","chr11",64590335,64591762,"PCT","Tin_trans",1.58e-246,245.801342913046,"chr11",64584586,64584596,64334591,64834591,11,64358241,"a","t",0.439,0.1149,0.0035,1.21e-239,238.917214629684,457689,"chr11",64590764,64590774,64590764
176155,3194,0.67,7.68416219381761e-63,0.401635449748681,0.96326660988075,"SLC22A11","chr11","64590297","64590797","rs531763","rs11602903","chr11",64590449,64591543,"PCT","Tin_trans",1.58e-246,245.801342913046,"chr11",64584586,64584596,64334591,64834591,11,64358241,"a","t",0.439,0.1149,0.0035,1.21e-239,238.917214629684,457689,"chr11",64590764,64590774,64590764
176155,3194,0.67,7.68416219381761e-63,0.401635449748681,0.96326660988075,"SLC22A11","chr11","64590297","64590797","rs531763","rs11602903","chr11",64590332,64591524,"PCT","Tin_trans",1.58e-246,245.801342913046,"chr11",64584586,64584596,64334591,64834591,11,64358241,"a","t",0.439,0.1149,0.0035,1.21e-239,238.917214629684,457689,"chr11",64590764,64590774,64590764
176155,3194,0.67,7.68416219381761e-63,0.401635449748681,0.96326660988075,"SLC22A11","chr11","64590297","64590797","rs531763","rs11602903","chr11",64590502,64591469,"PCT","Tin_trans",1.58e-246,245.801342913046,"chr11",64584586,64584596,64334591,64834591,11,64358241,"a","t",0.439,0.1149,0.0035,1.21e-239,238.917214629684,457689,"chr11",64590764,64590774,64590764
176155,3194,0.67,7.68416219381761e-63,0.401635449748681,0.96326660988075,"SLC22A11","chr11","64590297","64590797","rs531763","rs11602903","chr11",64590758,64591483,"PCT","Tin_trans",1.58e-246,245.801342913046,"chr11",64584586,64584596,64334591,64834591,11,64358241,"a","t",0.439,0.1149,0.0035,1.21e-239,238.917214629684,457689,"chr11",64590764,64590774,64590764
176155,3194,0.67,7.68416219381761e-63,0.401635449748681,0.96326660988075,"SLC22A11","chr11","64590297","64590797","rs531763","rs11602903","chr11",64590180,64591571,"PCT","Tin_trans",1.58e-246,245.801342913046,"chr11",64584586,64584596,64334591,64834591,11,64358241,"a","t",0.439,0.1149,0.0035,1.21e-239,238.917214629684,457689,"chr11",64590764,64590774,64590764
176155,3194,0.67,7.68416219381761e-63,0.401635449748681,0.96326660988075,"SLC22A11","chr11","64590297","64590797","rs531763","rs524023","chr11",64590335,64591762,"PCT","Tin_trans",1.58e-246,245.801342913046,"chr11",64584586,64584596,64334591,64834591,11,64358265,"t","c",0.4374,0.1155,0.0035,1.95e-245,244.709965388637,456739,"chr11",64590788,64590798,64590788
176155,3194,0.67,7.68416219381761e-63,0.401635449748681,0.96326660988075,"SLC22A11","chr11","64590297","64590797","rs531763","rs524023","chr11",64590332,64591524,"PCT","Tin_trans",1.58e-246,245.801342913046,"chr11",64584586,64584596,64334591,64834591,11,64358265,"t","c",0.4374,0.1155,0.0035,1.95e-245,244.709965388637,456739,"chr11",64590788,64590798,64590788
176155,3194,0.67,7.68416219381761e-63,0.401635449748681,0.96326660988075,"SLC22A11","chr11","64590297","64590797","rs531763","rs524023","chr11",64590449,64591543,"PCT","Tin_trans",1.58e-246,245.801342913046,"chr11",64584586,64584596,64334591,64834591,11,64358265,"t","c",0.4374,0.1155,0.0035,1.95e-245,244.709965388637,456739,"chr11",64590788,64590798,64590788
176155,3194,0.67,7.68416219381761e-63,0.401635449748681,0.96326660988075,"SLC22A11","chr11","64590297","64590797","rs531763","rs524023","chr11",64590502,64591469,"PCT","Tin_trans",1.58e-246,245.801342913046,"chr11",64584586,64584596,64334591,64834591,11,64358265,"t","c",0.4374,0.1155,0.0035,1.95e-245,244.709965388637,456739,"chr11",64590788,64590798,64590788
176155,3194,0.67,7.68416219381761e-63,0.401635449748681,0.96326660988075,"SLC22A11","chr11","64590297","64590797","rs531763","rs524023","chr11",64590779,64591303,"CDICA","Tin_trans",1.58e-246,245.801342913046,"chr11",64584586,64584596,64334591,64834591,11,64358265,"t","c",0.4374,0.1155,0.0035,1.95e-245,244.709965388637,456739,"chr11",64590788,64590798,64590788
176155,3194,0.67,7.68416219381761e-63,0.401635449748681,0.96326660988075,"SLC22A11","chr11","64590297","64590797","rs531763","rs524023","chr11",64590758,64591483,"PCT","Tin_trans",1.58e-246,245.801342913046,"chr11",64584586,64584596,64334591,64834591,11,64358265,"t","c",0.4374,0.1155,0.0035,1.95e-245,244.709965388637,456739,"chr11",64590788,64590798,64590788
176155,3194,0.67,7.68416219381761e-63,0.401635449748681,0.96326660988075,"SLC22A11","chr11","64590297","64590797","rs531763","rs524023","chr11",64590180,64591571,"PCT","Tin_trans",1.58e-246,245.801342913046,"chr11",64584586,64584596,64334591,64834591,11,64358265,"t","c",0.4374,0.1155,0.0035,1.95e-245,244.709965388637,456739,"chr11",64590788,64590798,64590788
176167,3194,0.78,1.61116671539852e-96,0.52288307856089,0.96326660988075,"SLC22A11","chr11","64605588","64606088","rs531763","rs7932437","chr11",64605277,64606110,"PCT","Tin_trans",1.58e-246,245.801342913046,"chr11",64584586,64584596,64334591,64834591,11,64373504,"t","c",0.44,0.1107,0.0035,8.19e-219,218.08671609824,455499,"chr11",64606027,64606037,64606027
176167,3195,0.76,6.42040140114335e-88,0.52288307856089,0.877555366269165,"SLC22A12","chr11","64605588","64606088","rs531763","rs7932437","chr11",64605277,64606110,"PCT","Tin_trans",1.58e-246,245.801342913046,"chr11",64584586,64584596,64334591,64834591,11,64373504,"t","c",0.44,0.1107,0.0035,8.19e-219,218.08671609824,455499,"chr11",64606027,64606037,64606027
176154,3195,0.77,1.92596619510794e-95,0.800480846518507,0.877555366269165,"SLC22A12","chr11","64589263","64589763","rs531763","rs505802","chr11",64589358,64589768,"PCT","Tin_trans",1.58e-246,245.801342913046,"chr11",64584586,64584596,64334591,64834591,11,64357072,"t","c",0.5608,-0.1164,0.0035,1.64e-246,245.785156151952,453145,"chr11",64589595,64589605,64589595
176154,3195,0.77,1.92596619510794e-95,0.800480846518507,0.877555366269165,"SLC22A12","chr11","64589263","64589763","rs531763","rs505802","chr11",64589330,64589771,"PCT","Tin_trans",1.58e-246,245.801342913046,"chr11",64584586,64584596,64334591,64834591,11,64357072,"t","c",0.5608,-0.1164,0.0035,1.64e-246,245.785156151952,453145,"chr11",64589595,64589605,64589595
176154,3195,0.77,1.92596619510794e-95,0.800480846518507,0.877555366269165,"SLC22A12","chr11","64589263","64589763","rs531763","rs505802","chr11",64589247,64589742,"PCT","Tin_trans",1.58e-246,245.801342913046,"chr11",64584586,64584596,64334591,64834591,11,64357072,"t","c",0.5608,-0.1164,0.0035,1.64e-246,245.785156151952,453145,"chr11",64589595,64589605,64589595
176154,3195,0.77,1.92596619510794e-95,0.800480846518507,0.877555366269165,"SLC22A12","chr11","64589263","64589763","rs531763","rs505802","chr11",64589233,64589864,"PCT","Tin_trans",1.58e-246,245.801342913046,"chr11",64584586,64584596,64334591,64834591,11,64357072,"t","c",0.5608,-0.1164,0.0035,1.64e-246,245.785156151952,453145,"chr11",64589595,64589605,64589595
176154,3195,0.77,1.92596619510794e-95,0.800480846518507,0.877555366269165,"SLC22A12","chr11","64589263","64589763","rs531763","rs505802","chr11",64589414,64589620,"PCT","Tin_trans",1.58e-246,245.801342913046,"chr11",64584586,64584596,64334591,64834591,11,64357072,"t","c",0.5608,-0.1164,0.0035,1.64e-246,245.785156151952,453145,"chr11",64589595,64589605,64589595
176154,3195,0.77,1.92596619510794e-95,0.800480846518507,0.877555366269165,"SLC22A12","chr11","64589263","64589763","rs531763","rs505802","chr11",64589323,64589752,"PCT","Tin_trans",1.58e-246,245.801342913046,"chr11",64584586,64584596,64334591,64834591,11,64357072,"t","c",0.5608,-0.1164,0.0035,1.64e-246,245.785156151952,453145,"chr11",64589595,64589605,64589595
176154,3195,0.77,1.92596619510794e-95,0.800480846518507,0.877555366269165,"SLC22A12","chr11","64589263","64589763","rs531763","rs505802","chr11",64589302,64589781,"PCT","Tin_trans",1.58e-246,245.801342913046,"chr11",64584586,64584596,64334591,64834591,11,64357072,"t","c",0.5608,-0.1164,0.0035,1.64e-246,245.785156151952,453145,"chr11",64589595,64589605,64589595
176153,3195,0.84,1.10813917299651e-124,0.895892799091179,0.877555366269165,"SLC22A12","chr11","64585708","64586208","rs531763","rs2360872","chr11",64585749,64586240,"PCT","Tin_trans",1.58e-246,245.801342913046,"chr11",64584586,64584596,64334591,64834591,11,64353405,"t","c",0.4392,0.1153,0.0035,6.04e-239,238.218963061379,456737,"chr11",64585928,64585938,64585928
176153,3195,0.84,1.10813917299651e-124,0.895892799091179,0.877555366269165,"SLC22A12","chr11","64585708","64586208","rs531763","rs2360872","chr11",64585924,64586124,"LOH","Tin_trans",1.58e-246,245.801342913046,"chr11",64584586,64584596,64334591,64834591,11,64353405,"t","c",0.4392,0.1153,0.0035,6.04e-239,238.218963061379,456737,"chr11",64585928,64585938,64585928
176153,3195,0.84,1.10813917299651e-124,0.895892799091179,0.877555366269165,"SLC22A12","chr11","64585708","64586208","rs531763","rs2360872","chr11",64585735,64586389,"PCT","Tin_trans",1.58e-246,245.801342913046,"chr11",64584586,64584596,64334591,64834591,11,64353405,"t","c",0.4392,0.1153,0.0035,6.04e-239,238.218963061379,456737,"chr11",64585928,64585938,64585928
176153,3195,0.84,1.10813917299651e-124,0.895892799091179,0.877555366269165,"SLC22A12","chr11","64585708","64586208","rs531763","rs2360872","chr11",64585742,64586230,"PCT","Tin_trans",1.58e-246,245.801342913046,"chr11",64584586,64584596,64334591,64834591,11,64353405,"t","c",0.4392,0.1153,0.0035,6.04e-239,238.218963061379,456737,"chr11",64585928,64585938,64585928
176153,3195,0.84,1.10813917299651e-124,0.895892799091179,0.877555366269165,"SLC22A12","chr11","64585708","64586208","rs531763","rs2360872","chr11",64585747,64586240,"PCT","Tin_trans",1.58e-246,245.801342913046,"chr11",64584586,64584596,64334591,64834591,11,64353405,"t","c",0.4392,0.1153,0.0035,6.04e-239,238.218963061379,456737,"chr11",64585928,64585938,64585928
176153,3195,0.84,1.10813917299651e-124,0.895892799091179,0.877555366269165,"SLC22A12","chr11","64585708","64586208","rs531763","rs2360872","chr11",64585766,64586313,"PCT","Tin_trans",1.58e-246,245.801342913046,"chr11",64584586,64584596,64334591,64834591,11,64353405,"t","c",0.4392,0.1153,0.0035,6.04e-239,238.218963061379,456737,"chr11",64585928,64585938,64585928
176153,3195,0.84,1.10813917299651e-124,0.895892799091179,0.877555366269165,"SLC22A12","chr11","64585708","64586208","rs531763","rs2360872","chr11",64585738,64586266,"PCT","Tin_trans",1.58e-246,245.801342913046,"chr11",64584586,64584596,64334591,64834591,11,64353405,"t","c",0.4392,0.1153,0.0035,6.04e-239,238.218963061379,456737,"chr11",64585928,64585938,64585928
176153,3195,0.84,1.10813917299651e-124,0.895892799091179,0.877555366269165,"SLC22A12","chr11","64585708","64586208","rs531763","rs2360872","chr11",64585844,64586100,"CDICA","Tin_trans",1.58e-246,245.801342913046,"chr11",64584586,64584596,64334591,64834591,11,64353405,"t","c",0.4392,0.1153,0.0035,6.04e-239,238.218963061379,456737,"chr11",64585928,64585938,64585928
176155,3195,0.63,1.81032605268195e-53,0.401635449748681,0.877555366269165,"SLC22A12","chr11","64590297","64590797","rs531763","rs11602903","chr11",64590335,64591762,"PCT","Tin_trans",1.58e-246,245.801342913046,"chr11",64584586,64584596,64334591,64834591,11,64358241,"a","t",0.439,0.1149,0.0035,1.21e-239,238.917214629684,457689,"chr11",64590764,64590774,64590764
176155,3195,0.63,1.81032605268195e-53,0.401635449748681,0.877555366269165,"SLC22A12","chr11","64590297","64590797","rs531763","rs11602903","chr11",64590449,64591543,"PCT","Tin_trans",1.58e-246,245.801342913046,"chr11",64584586,64584596,64334591,64834591,11,64358241,"a","t",0.439,0.1149,0.0035,1.21e-239,238.917214629684,457689,"chr11",64590764,64590774,64590764
176155,3195,0.63,1.81032605268195e-53,0.401635449748681,0.877555366269165,"SLC22A12","chr11","64590297","64590797","rs531763","rs11602903","chr11",64590332,64591524,"PCT","Tin_trans",1.58e-246,245.801342913046,"chr11",64584586,64584596,64334591,64834591,11,64358241,"a","t",0.439,0.1149,0.0035,1.21e-239,238.917214629684,457689,"chr11",64590764,64590774,64590764
176155,3195,0.63,1.81032605268195e-53,0.401635449748681,0.877555366269165,"SLC22A12","chr11","64590297","64590797","rs531763","rs11602903","chr11",64590502,64591469,"PCT","Tin_trans",1.58e-246,245.801342913046,"chr11",64584586,64584596,64334591,64834591,11,64358241,"a","t",0.439,0.1149,0.0035,1.21e-239,238.917214629684,457689,"chr11",64590764,64590774,64590764
176155,3195,0.63,1.81032605268195e-53,0.401635449748681,0.877555366269165,"SLC22A12","chr11","64590297","64590797","rs531763","rs11602903","chr11",64590758,64591483,"PCT","Tin_trans",1.58e-246,245.801342913046,"chr11",64584586,64584596,64334591,64834591,11,64358241,"a","t",0.439,0.1149,0.0035,1.21e-239,238.917214629684,457689,"chr11",64590764,64590774,64590764
176155,3195,0.63,1.81032605268195e-53,0.401635449748681,0.877555366269165,"SLC22A12","chr11","64590297","64590797","rs531763","rs11602903","chr11",64590180,64591571,"PCT","Tin_trans",1.58e-246,245.801342913046,"chr11",64584586,64584596,64334591,64834591,11,64358241,"a","t",0.439,0.1149,0.0035,1.21e-239,238.917214629684,457689,"chr11",64590764,64590774,64590764
176155,3195,0.63,1.81032605268195e-53,0.401635449748681,0.877555366269165,"SLC22A12","chr11","64590297","64590797","rs531763","rs524023","chr11",64590335,64591762,"PCT","Tin_trans",1.58e-246,245.801342913046,"chr11",64584586,64584596,64334591,64834591,11,64358265,"t","c",0.4374,0.1155,0.0035,1.95e-245,244.709965388637,456739,"chr11",64590788,64590798,64590788
176155,3195,0.63,1.81032605268195e-53,0.401635449748681,0.877555366269165,"SLC22A12","chr11","64590297","64590797","rs531763","rs524023","chr11",64590332,64591524,"PCT","Tin_trans",1.58e-246,245.801342913046,"chr11",64584586,64584596,64334591,64834591,11,64358265,"t","c",0.4374,0.1155,0.0035,1.95e-245,244.709965388637,456739,"chr11",64590788,64590798,64590788
176155,3195,0.63,1.81032605268195e-53,0.401635449748681,0.877555366269165,"SLC22A12","chr11","64590297","64590797","rs531763","rs524023","chr11",64590449,64591543,"PCT","Tin_trans",1.58e-246,245.801342913046,"chr11",64584586,64584596,64334591,64834591,11,64358265,"t","c",0.4374,0.1155,0.0035,1.95e-245,244.709965388637,456739,"chr11",64590788,64590798,64590788
176155,3195,0.63,1.81032605268195e-53,0.401635449748681,0.877555366269165,"SLC22A12","chr11","64590297","64590797","rs531763","rs524023","chr11",64590502,64591469,"PCT","Tin_trans",1.58e-246,245.801342913046,"chr11",64584586,64584596,64334591,64834591,11,64358265,"t","c",0.4374,0.1155,0.0035,1.95e-245,244.709965388637,456739,"chr11",64590788,64590798,64590788
176155,3195,0.63,1.81032605268195e-53,0.401635449748681,0.877555366269165,"SLC22A12","chr11","64590297","64590797","rs531763","rs524023","chr11",64590779,64591303,"CDICA","Tin_trans",1.58e-246,245.801342913046,"chr11",64584586,64584596,64334591,64834591,11,64358265,"t","c",0.4374,0.1155,0.0035,1.95e-245,244.709965388637,456739,"chr11",64590788,64590798,64590788
176155,3195,0.63,1.81032605268195e-53,0.401635449748681,0.877555366269165,"SLC22A12","chr11","64590297","64590797","rs531763","rs524023","chr11",64590758,64591483,"PCT","Tin_trans",1.58e-246,245.801342913046,"chr11",64584586,64584596,64334591,64834591,11,64358265,"t","c",0.4374,0.1155,0.0035,1.95e-245,244.709965388637,456739,"chr11",64590788,64590798,64590788
176155,3195,0.63,1.81032605268195e-53,0.401635449748681,0.877555366269165,"SLC22A12","chr11","64590297","64590797","rs531763","rs524023","chr11",64590180,64591571,"PCT","Tin_trans",1.58e-246,245.801342913046,"chr11",64584586,64584596,64334591,64834591,11,64358265,"t","c",0.4374,0.1155,0.0035,1.95e-245,244.709965388637,456739,"chr11",64590788,64590798,64590788
176156,3195,0.73,1.22384017917671e-80,0.941533921828503,0.877555366269165,"SLC22A12","chr11","64590846","64591346","rs531763","rs559946","chr11",64590993,64591408,"DCT","Tin_trans",1.58e-246,245.801342913046,"chr11",64584586,64584596,64334591,64834591,11,64358605,"t","c",0.5627,-0.1153,0.0035,1.12e-244,243.95078197733,456737,"chr11",64591128,64591138,64591128
176156,3195,0.73,1.22384017917671e-80,0.941533921828503,0.877555366269165,"SLC22A12","chr11","64590846","64591346","rs531763","rs559946","chr11",64590335,64591762,"PCT","Tin_trans",1.58e-246,245.801342913046,"chr11",64584586,64584596,64334591,64834591,11,64358605,"t","c",0.5627,-0.1153,0.0035,1.12e-244,243.95078197733,456737,"chr11",64591128,64591138,64591128
176156,3195,0.73,1.22384017917671e-80,0.941533921828503,0.877555366269165,"SLC22A12","chr11","64590846","64591346","rs531763","rs559946","chr11",64590449,64591543,"PCT","Tin_trans",1.58e-246,245.801342913046,"chr11",64584586,64584596,64334591,64834591,11,64358605,"t","c",0.5627,-0.1153,0.0035,1.12e-244,243.95078197733,456737,"chr11",64591128,64591138,64591128
176156,3195,0.73,1.22384017917671e-80,0.941533921828503,0.877555366269165,"SLC22A12","chr11","64590846","64591346","rs531763","rs559946","chr11",64590180,64591571,"PCT","Tin_trans",1.58e-246,245.801342913046,"chr11",64584586,64584596,64334591,64834591,11,64358605,"t","c",0.5627,-0.1153,0.0035,1.12e-244,243.95078197733,456737,"chr11",64591128,64591138,64591128
176156,3195,0.73,1.22384017917671e-80,0.941533921828503,0.877555366269165,"SLC22A12","chr11","64590846","64591346","rs531763","rs559946","chr11",64590995,64591353,"CDPC","Tin_trans",1.58e-246,245.801342913046,"chr11",64584586,64584596,64334591,64834591,11,64358605,"t","c",0.5627,-0.1153,0.0035,1.12e-244,243.95078197733,456737,"chr11",64591128,64591138,64591128
176156,3195,0.73,1.22384017917671e-80,0.941533921828503,0.877555366269165,"SLC22A12","chr11","64590846","64591346","rs531763","rs559946","chr11",64590502,64591469,"PCT","Tin_trans",1.58e-246,245.801342913046,"chr11",64584586,64584596,64334591,64834591,11,64358605,"t","c",0.5627,-0.1153,0.0035,1.12e-244,243.95078197733,456737,"chr11",64591128,64591138,64591128
176156,3195,0.73,1.22384017917671e-80,0.941533921828503,0.877555366269165,"SLC22A12","chr11","64590846","64591346","rs531763","rs559946","chr11",64591026,64591247,"PODO","Tin_trans",1.58e-246,245.801342913046,"chr11",64584586,64584596,64334591,64834591,11,64358605,"t","c",0.5627,-0.1153,0.0035,1.12e-244,243.95078197733,456737,"chr11",64591128,64591138,64591128
176156,3195,0.73,1.22384017917671e-80,0.941533921828503,0.877555366269165,"SLC22A12","chr11","64590846","64591346","rs531763","rs559946","chr11",64590968,64591247,"ENDO","Tin_trans",1.58e-246,245.801342913046,"chr11",64584586,64584596,64334591,64834591,11,64358605,"t","c",0.5627,-0.1153,0.0035,1.12e-244,243.95078197733,456737,"chr11",64591128,64591138,64591128
176156,3195,0.73,1.22384017917671e-80,0.941533921828503,0.877555366269165,"SLC22A12","chr11","64590846","64591346","rs531763","rs559946","chr11",64590779,64591303,"CDICA","Tin_trans",1.58e-246,245.801342913046,"chr11",64584586,64584596,64334591,64834591,11,64358605,"t","c",0.5627,-0.1153,0.0035,1.12e-244,243.95078197733,456737,"chr11",64591128,64591138,64591128
176156,3195,0.73,1.22384017917671e-80,0.941533921828503,0.877555366269165,"SLC22A12","chr11","64590846","64591346","rs531763","rs559946","chr11",64590961,64591312,"DCT","Tin_trans",1.58e-246,245.801342913046,"chr11",64584586,64584596,64334591,64834591,11,64358605,"t","c",0.5627,-0.1153,0.0035,1.12e-244,243.95078197733,456737,"chr11",64591128,64591138,64591128
176156,3195,0.73,1.22384017917671e-80,0.941533921828503,0.877555366269165,"SLC22A12","chr11","64590846","64591346","rs531763","rs559946","chr11",64590758,64591483,"PCT","Tin_trans",1.58e-246,245.801342913046,"chr11",64584586,64584596,64334591,64834591,11,64358605,"t","c",0.5627,-0.1153,0.0035,1.12e-244,243.95078197733,456737,"chr11",64591128,64591138,64591128
176156,3195,0.73,1.22384017917671e-80,0.941533921828503,0.877555366269165,"SLC22A12","chr11","64590846","64591346","rs531763","rs559946","chr11",64590332,64591524,"PCT","Tin_trans",1.58e-246,245.801342913046,"chr11",64584586,64584596,64334591,64834591,11,64358605,"t","c",0.5627,-0.1153,0.0035,1.12e-244,243.95078197733,456737,"chr11",64591128,64591138,64591128
176156,3195,0.73,1.22384017917671e-80,0.941533921828503,0.877555366269165,"SLC22A12","chr11","64590846","64591346","rs531763","rs3825018","chr11",64590993,64591408,"DCT","Tin_trans",1.58e-246,245.801342913046,"chr11",64584586,64584596,64334591,64834591,11,64358809,"a","g",0.5611,-0.1151,0.0035,2.61e-240,239.583359492662,457653,"chr11",64591332,64591342,64591332
176156,3195,0.73,1.22384017917671e-80,0.941533921828503,0.877555366269165,"SLC22A12","chr11","64590846","64591346","rs531763","rs3825018","chr11",64590449,64591543,"PCT","Tin_trans",1.58e-246,245.801342913046,"chr11",64584586,64584596,64334591,64834591,11,64358809,"a","g",0.5611,-0.1151,0.0035,2.61e-240,239.583359492662,457653,"chr11",64591332,64591342,64591332
176156,3195,0.73,1.22384017917671e-80,0.941533921828503,0.877555366269165,"SLC22A12","chr11","64590846","64591346","rs531763","rs3825018","chr11",64590180,64591571,"PCT","Tin_trans",1.58e-246,245.801342913046,"chr11",64584586,64584596,64334591,64834591,11,64358809,"a","g",0.5611,-0.1151,0.0035,2.61e-240,239.583359492662,457653,"chr11",64591332,64591342,64591332
176156,3195,0.73,1.22384017917671e-80,0.941533921828503,0.877555366269165,"SLC22A12","chr11","64590846","64591346","rs531763","rs3825018","chr11",64590335,64591762,"PCT","Tin_trans",1.58e-246,245.801342913046,"chr11",64584586,64584596,64334591,64834591,11,64358809,"a","g",0.5611,-0.1151,0.0035,2.61e-240,239.583359492662,457653,"chr11",64591332,64591342,64591332
176156,3195,0.73,1.22384017917671e-80,0.941533921828503,0.877555366269165,"SLC22A12","chr11","64590846","64591346","rs531763","rs3825018","chr11",64590758,64591483,"PCT","Tin_trans",1.58e-246,245.801342913046,"chr11",64584586,64584596,64334591,64834591,11,64358809,"a","g",0.5611,-0.1151,0.0035,2.61e-240,239.583359492662,457653,"chr11",64591332,64591342,64591332
176156,3195,0.73,1.22384017917671e-80,0.941533921828503,0.877555366269165,"SLC22A12","chr11","64590846","64591346","rs531763","rs3825018","chr11",64590332,64591524,"PCT","Tin_trans",1.58e-246,245.801342913046,"chr11",64584586,64584596,64334591,64834591,11,64358809,"a","g",0.5611,-0.1151,0.0035,2.61e-240,239.583359492662,457653,"chr11",64591332,64591342,64591332
176156,3195,0.73,1.22384017917671e-80,0.941533921828503,0.877555366269165,"SLC22A12","chr11","64590846","64591346","rs531763","rs3825018","chr11",64590995,64591353,"CDPC","Tin_trans",1.58e-246,245.801342913046,"chr11",64584586,64584596,64334591,64834591,11,64358809,"a","g",0.5611,-0.1151,0.0035,2.61e-240,239.583359492662,457653,"chr11",64591332,64591342,64591332
176156,3195,0.73,1.22384017917671e-80,0.941533921828503,0.877555366269165,"SLC22A12","chr11","64590846","64591346","rs531763","rs3825018","chr11",64590502,64591469,"PCT","Tin_trans",1.58e-246,245.801342913046,"chr11",64584586,64584596,64334591,64834591,11,64358809,"a","g",0.5611,-0.1151,0.0035,2.61e-240,239.583359492662,457653,"chr11",64591332,64591342,64591332
