"RSID_locus","ref","Pvalue_locus","log10P_locus","chr_hg38_locus","start_hg38_locus","end_hg38_locus","window_left","window_right","RSID","Chr","Pos_b37","Allele1","Allele2","Freq1","Effect","StdErr","P.value_correct","log10P","n_total_sum","chr_hg38","start_hg38","end_hg38","pos_hg38"
"rs531763","Tin_trans",1.58e-246,245.801342913046,"chr11",64584586,64584596,64334591,64834591,"rs10792441",11,64360629,"t","c",0.5616,-0.1152,0.0035,7.35e-240,239.133712660916,457684,"chr11",64593152,64593162,64593152
"rs531763","Tin_trans",1.58e-246,245.801342913046,"chr11",64584586,64584596,64334591,64834591,"rs10792443",11,64395252,"c","g",0.5576,-0.111,0.0035,1.27e-215,214.896196279044,447631,"chr11",64627775,64627785,64627775
"rs531763","Tin_trans",1.58e-246,245.801342913046,"chr11",64584586,64584596,64334591,64834591,"rs10897518",11,64360705,"t","c",0.5612,-0.1149,0.0035,1.36e-238,237.86646109163,456579,"chr11",64593228,64593238,64593228
"rs531763","Tin_trans",1.58e-246,245.801342913046,"chr11",64584586,64584596,64334591,64834591,"rs11231825",11,64360274,"t","c",0.4396,0.1148,0.0035,2.63e-238,237.58004425151,456739,"chr11",64592797,64592807,64592797
"rs531763","Tin_trans",1.58e-246,245.801342913046,"chr11",64584586,64584596,64334591,64834591,"rs11231845",11,64407419,"a","g",0.5587,-0.1103,0.0035,3.5e-217,216.45593195565,457681,"chr11",64639942,64639952,64639942
"rs531763","Tin_trans",1.58e-246,245.801342913046,"chr11",64584586,64584596,64334591,64834591,"rs11602903",11,64358241,"a","t",0.439,0.1149,0.0035,1.21e-239,238.917214629684,457689,"chr11",64590764,64590774,64590764
"rs531763","Tin_trans",1.58e-246,245.801342913046,"chr11",64584586,64584596,64334591,64834591,"rs11606370",11,64378452,"a","c",0.56,-0.1112,0.0035,1.42e-220,219.847711655617,456734,"chr11",64610975,64610985,64610975
"rs531763","Tin_trans",1.58e-246,245.801342913046,"chr11",64584586,64584596,64334591,64834591,"rs11607663",11,64368670,"c","g",0.5469,-0.1171,0.0036,2.48e-226,225.605548319174,401617,"chr11",64601193,64601203,64601193
"rs531763","Tin_trans",1.58e-246,245.801342913046,"chr11",64584586,64584596,64334591,64834591,"rs12362590",11,64352540,"a","t",0.5161,-0.1175,0.004,3.1e-190,189.508638306166,376078,"chr11",64585063,64585073,64585063
"rs531763","Tin_trans",1.58e-246,245.801342913046,"chr11",64584586,64584596,64334591,64834591,"rs12365089",11,64364735,"a","t",0.4385,0.1148,0.0035,9.08e-238,237.041914151479,457685,"chr11",64597258,64597268,64597258
"rs531763","Tin_trans",1.58e-246,245.801342913046,"chr11",64584586,64584596,64334591,64834591,"rs12786214",11,64364203,"a","g",0.5615,-0.1151,0.0035,6.95e-239,238.15801519541,457686,"chr11",64596726,64596736,64596726
"rs531763","Tin_trans",1.58e-246,245.801342913046,"chr11",64584586,64584596,64334591,64834591,"rs12802649",11,64359627,"t","c",0.5611,-0.1149,0.0035,1.32e-239,238.879426068794,457688,"chr11",64592150,64592160,64592150
"rs531763","Tin_trans",1.58e-246,245.801342913046,"chr11",64584586,64584596,64334591,64834591,"rs1529909",11,64365943,"t","c",0.4357,0.1142,0.0035,1.47e-232,231.832682665252,457686,"chr11",64598466,64598476,64598466
"rs531763","Tin_trans",1.58e-246,245.801342913046,"chr11",64584586,64584596,64334591,64834591,"rs2021860",11,64361384,"t","g",0.5615,-0.1151,0.0035,1.56e-239,238.806875401646,457668,"chr11",64593907,64593917,64593907
"rs531763","Tin_trans",1.58e-246,245.801342913046,"chr11",64584586,64584596,64334591,64834591,"rs2277311",11,64387932,"a","g",0.5707,-0.109,0.0036,2.22e-201,200.653647025549,422278,"chr11",64620455,64620465,64620455
"rs531763","Tin_trans",1.58e-246,245.801342913046,"chr11",64584586,64584596,64334591,64834591,"rs2360872",11,64353405,"t","c",0.4392,0.1153,0.0035,6.04e-239,238.218963061379,456737,"chr11",64585928,64585938,64585928
"rs531763","Tin_trans",1.58e-246,245.801342913046,"chr11",64584586,64584596,64334591,64834591,"rs2360873",11,64391157,"c","g",0.5706,-0.109,0.0036,2.05e-201,200.688246138944,422278,"chr11",64623680,64623690,64623680
"rs531763","Tin_trans",1.58e-246,245.801342913046,"chr11",64584586,64584596,64334591,64834591,"rs2666559",11,64439227,"t","g",0.5591,-0.1105,0.0035,2.73e-215,214.563837352959,456562,"chr11",64671750,64671760,64671750
"rs531763","Tin_trans",1.58e-246,245.801342913046,"chr11",64584586,64584596,64334591,64834591,"rs2666563",11,64476445,"a","c",0.5534,-0.1066,0.0036,1.78e-196,195.749579997691,447630,"chr11",64708968,64708978,64708968
"rs531763","Tin_trans",1.58e-246,245.801342913046,"chr11",64584586,64584596,64334591,64834591,"rs3825016",11,64359286,"t","c",0.5612,-0.1148,0.0035,3.51e-239,238.454692883534,457688,"chr11",64591809,64591819,64591809
"rs531763","Tin_trans",1.58e-246,245.801342913046,"chr11",64584586,64584596,64334591,64834591,"rs3825018",11,64358809,"a","g",0.5611,-0.1151,0.0035,2.61e-240,239.583359492662,457653,"chr11",64591332,64591342,64591332
"rs531763","Tin_trans",1.58e-246,245.801342913046,"chr11",64584586,64584596,64334591,64834591,"rs475642",11,64424691,"a","c",0.5588,-0.111,0.0035,4.86e-218,217.313363730738,457669,"chr11",64657214,64657224,64657214
"rs531763","Tin_trans",1.58e-246,245.801342913046,"chr11",64584586,64584596,64334591,64834591,"rs492175",11,64433078,"a","g",0.5587,-0.1098,0.0035,4.58e-213,212.339134521996,455611,"chr11",64665601,64665611,64665601
"rs531763","Tin_trans",1.58e-246,245.801342913046,"chr11",64584586,64584596,64334591,64834591,"rs4930556",11,64377726,"c","g",0.5604,-0.1102,0.0035,1.1e-218,217.958607314842,457685,"chr11",64610249,64610259,64610249
"rs531763","Tin_trans",1.58e-246,245.801342913046,"chr11",64584586,64584596,64334591,64834591,"rs495130",11,64449307,"t","c",0.5588,-0.1091,0.0036,1.37e-205,204.863279432844,447631,"chr11",64681830,64681840,64681830
"rs531763","Tin_trans",1.58e-246,245.801342913046,"chr11",64584586,64584596,64334591,64834591,"rs500531",11,64487019,"t","g",0.5568,-0.1068,0.0036,1.56e-190,189.806875401646,447631,"chr11",64719542,64719552,64719542
"rs531763","Tin_trans",1.58e-246,245.801342913046,"chr11",64584586,64584596,64334591,64834591,"rs504915",11,64464085,"a","t",0.5732,-0.1087,0.0036,2.7e-197,196.568636235841,421482,"chr11",64696608,64696618,64696608
"rs531763","Tin_trans",1.58e-246,245.801342913046,"chr11",64584586,64584596,64334591,64834591,"rs505802",11,64357072,"t","c",0.5608,-0.1164,0.0035,1.64e-246,245.785156151952,453145,"chr11",64589595,64589605,64589595
"rs531763","Tin_trans",1.58e-246,245.801342913046,"chr11",64584586,64584596,64334591,64834591,"rs506338",11,64440920,"t","c",0.4411,0.1102,0.0035,8.98e-214,213.046723663333,455490,"chr11",64673443,64673453,64673443
"rs531763","Tin_trans",1.58e-246,245.801342913046,"chr11",64584586,64584596,64334591,64834591,"rs518053",11,64456099,"t","c",0.5714,-0.1085,0.0036,1.87e-196,195.728158393464,421327,"chr11",64688622,64688632,64688622
"rs531763","Tin_trans",1.58e-246,245.801342913046,"chr11",64584586,64584596,64334591,64834591,"rs519090",11,64456240,"c","g",0.572,-0.1085,0.0036,5.56e-197,196.254925208418,422278,"chr11",64688763,64688773,64688763
"rs531763","Tin_trans",1.58e-246,245.801342913046,"chr11",64584586,64584596,64334591,64834591,"rs524023",11,64358265,"t","c",0.4374,0.1155,0.0035,1.95e-245,244.709965388637,456739,"chr11",64590788,64590798,64590788
"rs531763","Tin_trans",1.58e-246,245.801342913046,"chr11",64584586,64584596,64334591,64834591,"rs526338",11,64418900,"a","g",0.5087,-0.1274,0.0041,1.97e-208,207.705533773838,368735,"chr11",64651423,64651433,64651423
"rs531763","Tin_trans",1.58e-246,245.801342913046,"chr11",64584586,64584596,64334591,64834591,"rs528211",11,64351721,"t","c",0.4355,0.1159,0.0035,2.37e-244,243.62525165399,456736,"chr11",64584244,64584254,64584244
"rs531763","Tin_trans",1.58e-246,245.801342913046,"chr11",64584586,64584596,64334591,64834591,"rs531763",11,64352063,"a","g",0.5648,-0.1162,0.0035,1.58e-246,245.801342913046,457675,"chr11",64584586,64584596,64584586
"rs531763","Tin_trans",1.58e-246,245.801342913046,"chr11",64584586,64584596,64334591,64834591,"rs537246",11,64360630,"a","g",0.4356,0.1154,0.0035,7.62e-245,244.11804502866,457685,"chr11",64593153,64593163,64593153
"rs531763","Tin_trans",1.58e-246,245.801342913046,"chr11",64584586,64584596,64334591,64834591,"rs538737",11,64355772,"c","g",0.5635,-0.1156,0.0035,9.06e-246,245.042871802323,457657,"chr11",64588295,64588305,64588295
"rs531763","Tin_trans",1.58e-246,245.801342913046,"chr11",64584586,64584596,64334591,64834591,"rs544838",11,64429059,"t","c",0.441,0.1098,0.0035,6.16e-214,213.210419287836,457672,"chr11",64661582,64661592,64661582
"rs531763","Tin_trans",1.58e-246,245.801342913046,"chr11",64584586,64584596,64334591,64834591,"rs552307",11,64357539,"a","g",0.4365,0.1155,0.0035,7.53e-246,245.123205023799,457671,"chr11",64590062,64590072,64590062
"rs531763","Tin_trans",1.58e-246,245.801342913046,"chr11",64584586,64584596,64334591,64834591,"rs555456",11,64418259,"t","c",0.4415,0.1113,0.0035,4.64e-220,219.333482019445,457682,"chr11",64650782,64650792,64650782
"rs531763","Tin_trans",1.58e-246,245.801342913046,"chr11",64584586,64584596,64334591,64834591,"rs559946",11,64358605,"t","c",0.5627,-0.1153,0.0035,1.12e-244,243.95078197733,456737,"chr11",64591128,64591138,64591128
"rs531763","Tin_trans",1.58e-246,245.801342913046,"chr11",64584586,64584596,64334591,64834591,"rs561193",11,64353029,"a","g",0.5831,-0.1076,0.0035,1.19e-210,209.924453038607,457673,"chr11",64585552,64585562,64585552
"rs531763","Tin_trans",1.58e-246,245.801342913046,"chr11",64584586,64584596,64334591,64834591,"rs7102344",11,64396569,"a","t",0.4777,0.1284,0.0043,1.98e-200,199.703334809738,340708,"chr11",64629092,64629102,64629092
"rs531763","Tin_trans",1.58e-246,245.801342913046,"chr11",64584586,64584596,64334591,64834591,"rs7105665",11,64396568,"t","c",0.4293,0.1092,0.0036,2.94e-201,200.531652669588,422278,"chr11",64629091,64629101,64629091
"rs531763","Tin_trans",1.58e-246,245.801342913046,"chr11",64584586,64584596,64334591,64834591,"rs7932437",11,64373504,"t","c",0.44,0.1107,0.0035,8.19e-219,218.08671609824,455499,"chr11",64606027,64606037,64606027
"rs531763","Tin_trans",1.58e-246,245.801342913046,"chr11",64584586,64584596,64334591,64834591,"rs80841",11,64437490,"t","c",0.4397,0.1097,0.0035,1.18e-213,212.928117992694,457680,"chr11",64670013,64670023,64670013
"rs531763","Tin_trans",1.58e-246,245.801342913046,"chr11",64584586,64584596,64334591,64834591,"rs893006",11,64365796,"a","c",0.5782,-0.1026,0.0035,1.48e-190,189.829738284605,456736,"chr11",64598319,64598329,64598319
"rs531763","Tin_trans",1.58e-246,245.801342913046,"chr11",64584586,64584596,64334591,64834591,"rs893007",11,64365668,"a","c",0.5756,-0.1119,0.0036,2.93e-212,211.533132379646,422278,"chr11",64598191,64598201,64598191
"rs531763","Tin_trans",1.58e-246,245.801342913046,"chr11",64584586,64584596,64334591,64834591,"rs9734313",11,64358311,"t","c",0.561,-0.1148,0.0035,2.38e-239,238.623423042944,457690,"chr11",64590834,64590844,64590834
"rs1359232","Tin_trans",5.59e-159,158.252588192114,"chr6",25809483,25809493,25559488,26059488,"rs1165150",6,25842032,"t","c",0.5828,0.0847,0.0033,8.44e-145,144.073657553374,457683,"chr6",25841799,25841809,25841799
"rs1359232","Tin_trans",5.59e-159,158.252588192114,"chr6",25809483,25809493,25559488,26059488,"rs1165151",6,25821616,"t","g",0.4133,-0.0868,0.0033,1.95e-151,150.709965388637,457623,"chr6",25821383,25821393,25821383
"rs1359232","Tin_trans",5.59e-159,158.252588192114,"chr6",25809483,25809493,25559488,26059488,"rs1165152",6,25818766,"a","g",0.401,-0.0885,0.0033,1.33e-156,155.876148359033,457636,"chr6",25818533,25818543,25818533
"rs1359232","Tin_trans",5.59e-159,158.252588192114,"chr6",25809483,25809493,25559488,26059488,"rs1165153",6,25817789,"a","g",0.4014,-0.0884,0.0033,1.55e-156,155.80966830183,457638,"chr6",25817556,25817566,25817556
"rs1359232","Tin_trans",5.59e-159,158.252588192114,"chr6",25809483,25809493,25559488,26059488,"rs1165154",6,25817216,"t","c",0.4012,-0.0885,0.0033,1.84e-156,155.73518217699,457639,"chr6",25816983,25816993,25816983
"rs1359232","Tin_trans",5.59e-159,158.252588192114,"chr6",25809483,25809493,25559488,26059488,"rs1165160",6,25864456,"a","g",0.416,-0.0845,0.0033,6.13e-144,143.212539525482,457643,"chr6",25864223,25864233,25864223
"rs1359232","Tin_trans",5.59e-159,158.252588192114,"chr6",25809483,25809493,25559488,26059488,"rs1165176",6,25830298,"a","g",0.4122,-0.0862,0.0033,4.35e-149,148.361510743045,456739,"chr6",25830065,25830075,25830065
"rs1359232","Tin_trans",5.59e-159,158.252588192114,"chr6",25809483,25809493,25559488,26059488,"rs1165177",6,25829659,"a","t",0.5873,0.0864,0.0033,1.27e-150,149.896196279044,457689,"chr6",25829426,25829436,25829426
"rs1359232","Tin_trans",5.59e-159,158.252588192114,"chr6",25809483,25809493,25559488,26059488,"rs1165178",6,25827516,"a","g",0.4128,-0.0865,0.0033,1.19e-150,149.924453038607,457673,"chr6",25827283,25827293,25827283
"rs1359232","Tin_trans",5.59e-159,158.252588192114,"chr6",25809483,25809493,25559488,26059488,"rs1165179",6,25826514,"t","c",0.5872,0.0866,0.0033,4.14e-151,150.382999658879,457647,"chr6",25826281,25826291,25826281
"rs1359232","Tin_trans",5.59e-159,158.252588192114,"chr6",25809483,25809493,25559488,26059488,"rs1165180",6,25826347,"a","t",0.4128,-0.0866,0.0033,3.22e-151,150.492144128304,457647,"chr6",25826114,25826124,25826114
"rs1359232","Tin_trans",5.59e-159,158.252588192114,"chr6",25809483,25809493,25559488,26059488,"rs1165182",6,25837829,"a","g",0.4131,-0.086,0.0033,3.12e-149,148.505845405982,457675,"chr6",25837596,25837606,25837596
"rs1359232","Tin_trans",5.59e-159,158.252588192114,"chr6",25809483,25809493,25559488,26059488,"rs1165183",6,25836380,"a","g",0.4162,-0.0861,0.0033,4.23e-149,148.373659632625,457672,"chr6",25836147,25836157,25836147
"rs1359232","Tin_trans",5.59e-159,158.252588192114,"chr6",25809483,25809493,25559488,26059488,"rs1165185",6,25853712,"t","c",0.4293,-0.0855,0.0034,4.14e-137,136.382999658879,447635,"chr6",25853479,25853489,25853479
"rs1359232","Tin_trans",5.59e-159,158.252588192114,"chr6",25809483,25809493,25559488,26059488,"rs1165190",6,25848019,"a","g",0.4134,-0.085,0.0033,3.24e-146,145.489454989793,457663,"chr6",25847786,25847796,25847786
"rs1359232","Tin_trans",5.59e-159,158.252588192114,"chr6",25809483,25809493,25559488,26059488,"rs1165192",6,25847730,"t","c",0.5843,0.0847,0.0033,8.04e-145,144.094743951252,457663,"chr6",25847497,25847507,25847497
"rs1359232","Tin_trans",5.59e-159,158.252588192114,"chr6",25809483,25809493,25559488,26059488,"rs1165195",6,25815080,"t","g",0.4008,-0.0889,0.0033,6.26e-158,157.20342566679,457664,"chr6",25814847,25814857,25814847
"rs1359232","Tin_trans",5.59e-159,158.252588192114,"chr6",25809483,25809493,25559488,26059488,"rs1165196",6,25813150,"a","g",0.6006,0.0891,0.0033,6.27e-156,155.202732459169,452029,"chr6",25812917,25812927,25812917
"rs1359232","Tin_trans",5.59e-159,158.252588192114,"chr6",25809483,25809493,25559488,26059488,"rs1165199",6,25809087,"t","c",0.5993,0.0891,0.0033,1.97e-158,157.705533773838,457661,"chr6",25808854,25808864,25808854
"rs1359232","Tin_trans",5.59e-159,158.252588192114,"chr6",25809483,25809493,25559488,26059488,"rs1165205",6,25870542,"a","t",0.5844,0.0841,0.0033,2.49e-142,141.603800652904,457642,"chr6",25870309,25870319,25870309
"rs1359232","Tin_trans",5.59e-159,158.252588192114,"chr6",25809483,25809493,25559488,26059488,"rs1165207",6,25865266,"t","c",0.4154,-0.0842,0.0033,7.41e-143,142.130181792021,456536,"chr6",25865033,25865043,25865033
"rs1359232","Tin_trans",5.59e-159,158.252588192114,"chr6",25809483,25809493,25559488,26059488,"rs1165209",6,25801319,"a","g",0.5992,0.089,0.0033,1.85e-158,157.732828271597,457669,"chr6",25801086,25801096,25801086
"rs1359232","Tin_trans",5.59e-159,158.252588192114,"chr6",25809483,25809493,25559488,26059488,"rs1165213",6,25799676,"a","g",0.5992,0.089,0.0033,3.76e-158,157.424812155072,457684,"chr6",25799443,25799453,25799443
"rs1359232","Tin_trans",5.59e-159,158.252588192114,"chr6",25809483,25809493,25559488,26059488,"rs1165215",6,25798932,"a","g",0.5992,0.0891,0.0033,1.59e-158,157.79860287568,457684,"chr6",25798699,25798709,25798699
"rs1359232","Tin_trans",5.59e-159,158.252588192114,"chr6",25809483,25809493,25559488,26059488,"rs11754288",6,25776949,"a","g",0.387,-0.0854,0.0034,7.73e-142,141.111820506082,453156,"chr6",25776716,25776726,25776716
"rs1359232","Tin_trans",5.59e-159,158.252588192114,"chr6",25809483,25809493,25559488,26059488,"rs1177442",6,25809069,"a","g",0.4008,-0.089,0.0033,2.2e-158,157.657577319178,457660,"chr6",25808836,25808846,25808836
"rs1359232","Tin_trans",5.59e-159,158.252588192114,"chr6",25809483,25809493,25559488,26059488,"rs1183200",6,25818646,"c","g",0.599,0.0885,0.0033,1.04e-156,155.982966660701,457636,"chr6",25818413,25818423,25818413
"rs1359232","Tin_trans",5.59e-159,158.252588192114,"chr6",25809483,25809493,25559488,26059488,"rs1183201",6,25823444,"a","t",0.413,-0.0867,0.0033,2.83e-151,150.548213564476,457623,"chr6",25823211,25823221,25823211
"rs1359232","Tin_trans",5.59e-159,158.252588192114,"chr6",25809483,25809493,25559488,26059488,"rs1183202",6,25834895,"a","g",0.4166,-0.0853,0.0033,1.7e-146,145.769551078622,457679,"chr6",25834662,25834672,25834662
"rs1359232","Tin_trans",5.59e-159,158.252588192114,"chr6",25809483,25809493,25559488,26059488,"rs1184803",6,25834658,"t","c",0.4129,-0.0862,0.0033,4.79e-150,149.319664486585,457679,"chr6",25834425,25834435,25834425
"rs1359232","Tin_trans",5.59e-159,158.252588192114,"chr6",25809483,25809493,25559488,26059488,"rs1184804",6,25868226,"t","c",0.4153,-0.084,0.0033,2.56e-142,141.591760034688,457636,"chr6",25867993,25868003,25867993
"rs1359232","Tin_trans",5.59e-159,158.252588192114,"chr6",25809483,25809493,25559488,26059488,"rs1185153",6,25834548,"a","g",0.4128,-0.0863,0.0033,3.24e-150,149.489454989793,457679,"chr6",25834315,25834325,25834315
"rs1359232","Tin_trans",5.59e-159,158.252588192114,"chr6",25809483,25809493,25559488,26059488,"rs1185567",6,25818588,"a","g",0.401,-0.0885,0.0033,9.04e-157,156.043831569525,457636,"chr6",25818355,25818365,25818355
"rs1359232","Tin_trans",5.59e-159,158.252588192114,"chr6",25809483,25809493,25559488,26059488,"rs1185568",6,25834428,"a","t",0.5872,0.0863,0.0033,2.28e-150,149.642065153,457679,"chr6",25834195,25834205,25834195
"rs1359232","Tin_trans",5.59e-159,158.252588192114,"chr6",25809483,25809493,25559488,26059488,"rs1185569",6,25831603,"a","g",0.4127,-0.0864,0.0033,1.37e-150,149.863279432844,457688,"chr6",25831370,25831380,25831370
"rs1359232","Tin_trans",5.59e-159,158.252588192114,"chr6",25809483,25809493,25559488,26059488,"rs1185978",6,25835895,"a","g",0.4129,-0.0863,0.0033,3.82e-150,149.417936637088,457676,"chr6",25835662,25835672,25835662
"rs1359232","Tin_trans",5.59e-159,158.252588192114,"chr6",25809483,25809493,25559488,26059488,"rs12209125",6,25769789,"a","c",0.6384,0.0834,0.0034,3.83e-129,128.416801226031,447634,"chr6",25769556,25769566,25769556
"rs1359232","Tin_trans",5.59e-159,158.252588192114,"chr6",25809483,25809493,25559488,26059488,"rs12212049",6,25759066,"t","g",0.3768,-0.0798,0.0034,8.73e-124,123.058985756294,447632,"chr6",25758833,25758843,25758833
"rs1359232","Tin_trans",5.59e-159,158.252588192114,"chr6",25809483,25809493,25559488,26059488,"rs13197514",6,25785991,"t","c",0.3892,-0.0859,0.0034,9.94e-145,144.002613615603,457663,"chr6",25785758,25785768,25785758
"rs1359232","Tin_trans",5.59e-159,158.252588192114,"chr6",25809483,25809493,25559488,26059488,"rs13197601",6,25785935,"a","g",0.3892,-0.0858,0.0034,3.3e-144,143.481486060122,457663,"chr6",25785702,25785712,25785702
"rs1359232","Tin_trans",5.59e-159,158.252588192114,"chr6",25809483,25809493,25559488,26059488,"rs1359232",6,25809716,"a","c",0.4007,-0.0891,0.0033,5.59e-159,158.252588192114,457635,"chr6",25809483,25809493,25809483
"rs1359232","Tin_trans",5.59e-159,158.252588192114,"chr6",25809483,25809493,25559488,26059488,"rs1408273",6,25840946,"a","g",0.4379,-0.0753,0.0032,9.51e-123,122.021819483063,447635,"chr6",25840713,25840723,25840713
"rs1359232","Tin_trans",5.59e-159,158.252588192114,"chr6",25809483,25809493,25559488,26059488,"rs1747522",6,25821807,"a","t",0.5867,0.0869,0.0033,5.02e-152,151.299296282855,457622,"chr6",25821574,25821584,25821574
"rs1359232","Tin_trans",5.59e-159,158.252588192114,"chr6",25809483,25809493,25559488,26059488,"rs1747550",6,25851533,"a","g",0.4156,-0.0845,0.0033,3.64e-144,143.438898616351,457658,"chr6",25851300,25851310,25851300
"rs1359232","Tin_trans",5.59e-159,158.252588192114,"chr6",25809483,25809493,25559488,26059488,"rs1892249",6,25768992,"a","g",0.6127,0.0849,0.0034,4.99e-140,139.301899454377,447634,"chr6",25768759,25768769,25768759
"rs1359232","Tin_trans",5.59e-159,158.252588192114,"chr6",25809483,25809493,25559488,26059488,"rs2328895",6,25802083,"t","c",0.5992,0.089,0.0033,3.28e-158,157.484126156288,457666,"chr6",25801850,25801860,25801850
"rs1359232","Tin_trans",5.59e-159,158.252588192114,"chr6",25809483,25809493,25559488,26059488,"rs2762353",6,25794431,"a","g",0.4006,-0.089,0.0033,1.9e-157,156.721246399047,456736,"chr6",25794198,25794208,25794198
"rs1359232","Tin_trans",5.59e-159,158.252588192114,"chr6",25809483,25809493,25559488,26059488,"rs2817188",6,25807603,"a","g",0.4008,-0.0891,0.0033,6.18e-159,158.209011524911,457662,"chr6",25807370,25807380,25807370
"rs1359232","Tin_trans",5.59e-159,158.252588192114,"chr6",25809483,25809493,25559488,26059488,"rs35720558",6,25784800,"a","c",0.611,0.0858,0.0034,1.79e-144,143.74714696902,457665,"chr6",25784567,25784577,25784567
"rs1359232","Tin_trans",5.59e-159,158.252588192114,"chr6",25809483,25809493,25559488,26059488,"rs3757130",6,25770866,"a","g",0.388,-0.0852,0.0033,2.05e-143,142.688246138944,457633,"chr6",25770633,25770643,25770633
"rs1359232","Tin_trans",5.59e-159,158.252588192114,"chr6",25809483,25809493,25559488,26059488,"rs3757131",6,25783909,"t","c",0.389,-0.0858,0.0034,1.44e-144,143.841637507905,457670,"chr6",25783676,25783686,25783676
"rs1359232","Tin_trans",5.59e-159,158.252588192114,"chr6",25809483,25809493,25559488,26059488,"rs3799340",6,25762646,"t","c",0.3884,-0.0852,0.0033,7.64e-143,142.116906641424,457572,"chr6",25762413,25762423,25762413
"rs1359232","Tin_trans",5.59e-159,158.252588192114,"chr6",25809483,25809493,25559488,26059488,"rs3799344",6,25786993,"t","c",0.416,-0.0676,0.0031,6.84e-103,102.16494389828,455465,"chr6",25786760,25786770,25786760
"rs1359232","Tin_trans",5.59e-159,158.252588192114,"chr6",25809483,25809493,25559488,26059488,"rs3799352",6,25822620,"t","c",0.5869,0.0869,0.0033,9.02e-152,151.044793462458,457622,"chr6",25822387,25822397,25822387
"rs1359232","Tin_trans",5.59e-159,158.252588192114,"chr6",25809483,25809493,25559488,26059488,"rs566530",6,25878361,"t","c",0.4416,-0.0771,0.0033,7.67e-123,122.115204636051,456649,"chr6",25878128,25878138,25878128
"rs1359232","Tin_trans",5.59e-159,158.252588192114,"chr6",25809483,25809493,25559488,26059488,"rs6905614",6,25840485,"a","c",0.5806,0.078,0.0032,4.71e-132,131.326979092871,457682,"chr6",25840252,25840262,25840252
"rs1359232","Tin_trans",5.59e-159,158.252588192114,"chr6",25809483,25809493,25559488,26059488,"rs6909187",6,25785925,"t","c",0.4164,-0.0676,0.0031,1.97e-103,102.705533773838,457652,"chr6",25785692,25785702,25785692
"rs1359232","Tin_trans",5.59e-159,158.252588192114,"chr6",25809483,25809493,25559488,26059488,"rs765285",6,25828242,"c","g",0.5872,0.0865,0.0033,8.1e-151,150.091514981121,457672,"chr6",25828009,25828019,25828009
"rs1359232","Tin_trans",5.59e-159,158.252588192114,"chr6",25809483,25809493,25559488,26059488,"rs9393672",6,25842605,"t","g",0.4376,-0.0759,0.0032,1.02e-124,123.991399828238,453163,"chr6",25842372,25842382,25842372
"rs1359232","Tin_trans",5.59e-159,158.252588192114,"chr6",25809483,25809493,25559488,26059488,"rs942379",6,25849620,"a","g",0.4128,-0.0847,0.0033,1.26e-143,142.899629454882,454938,"chr6",25849387,25849397,25849387
"rs57652769","Tin_trans",2.319e-27,26.634699251362,"chr16",79720074,79720084,79470079,79970079,"rs11150188",16,79707298,"a","g",0.6815,0.0323,0.0033,2.684e-22,21.571217488503,451946,"chr16",79673396,79673406,79673396
"rs57652769","Tin_trans",2.319e-27,26.634699251362,"chr16",79720074,79720084,79470079,79970079,"rs11150191",16,79734287,"t","c",0.691,0.0329,0.0034,1.435e-22,21.84314809893,451871,"chr16",79700385,79700395,79700385
"rs57652769","Tin_trans",2.319e-27,26.634699251362,"chr16",79720074,79720084,79470079,79970079,"rs11644836",16,79712655,"c","g",0.3189,-0.0329,0.0033,9.635e-23,22.0161482810085,451890,"chr16",79678753,79678763,79678753
"rs57652769","Tin_trans",2.319e-27,26.634699251362,"chr16",79720074,79720084,79470079,79970079,"rs12444166",16,79709950,"a","g",0.3199,-0.0328,0.0033,7.457e-23,22.1274358569093,451911,"chr16",79676048,79676058,79676048
"rs57652769","Tin_trans",2.319e-27,26.634699251362,"chr16",79720074,79720084,79470079,79970079,"rs17689024",16,79739978,"c","g",0.3006,-0.0351,0.0034,1.283e-25,24.8917733436251,451931,"chr16",79706076,79706086,79706076
"rs57652769","Tin_trans",2.319e-27,26.634699251362,"chr16",79720074,79720084,79470079,79970079,"rs17689159",16,79742390,"t","c",0.6993,0.0352,0.0033,6.787e-26,25.1683221508085,451929,"chr16",79708488,79708498,79708488
"rs57652769","Tin_trans",2.319e-27,26.634699251362,"chr16",79720074,79720084,79470079,79970079,"rs17689455",16,79746335,"a","t",0.2981,-0.0354,0.0034,5.575e-26,25.2537551282798,451941,"chr16",79712433,79712443,79712433
"rs57652769","Tin_trans",2.319e-27,26.634699251362,"chr16",79720074,79720084,79470079,79970079,"rs17689625",16,79748962,"t","c",0.2977,-0.036,0.0034,1.244e-26,25.9051796196452,451948,"chr16",79715060,79715070,79715060
"rs57652769","Tin_trans",2.319e-27,26.634699251362,"chr16",79720074,79720084,79470079,79970079,"rs17767383",16,79744401,"a","g",0.2978,-0.035,0.0034,1.974e-25,24.7046528516664,451006,"chr16",79710499,79710509,79710499
"rs57652769","Tin_trans",2.319e-27,26.634699251362,"chr16",79720074,79720084,79470079,79970079,"rs17767419",16,79744548,"t","c",0.298,-0.0353,0.0034,7.718e-26,25.1124952257646,449901,"chr16",79710646,79710656,79710646
"rs57652769","Tin_trans",2.319e-27,26.634699251362,"chr16",79720074,79720084,79470079,79970079,"rs17767491",16,79745487,"a","g",0.7057,0.0352,0.0034,4.791e-25,24.3195738291419,449881,"chr16",79711585,79711595,79711585
"rs57652769","Tin_trans",2.319e-27,26.634699251362,"chr16",79720074,79720084,79470079,79970079,"rs17767742",16,79749005,"c","g",0.7022,0.0362,0.0034,5.801e-27,26.2364971345324,450841,"chr16",79715103,79715113,79715103
"rs57652769","Tin_trans",2.319e-27,26.634699251362,"chr16",79720074,79720084,79470079,79970079,"rs17767904",16,79749975,"a","g",0.2979,-0.0361,0.0034,1.082e-26,25.9657727392295,451945,"chr16",79716073,79716083,79716073
"rs57652769","Tin_trans",2.319e-27,26.634699251362,"chr16",79720074,79720084,79470079,79970079,"rs3813580",16,79749280,"c","g",0.2985,-0.0355,0.0034,4.277e-26,25.3688607497432,451951,"chr16",79715378,79715388,79715378
"rs57652769","Tin_trans",2.319e-27,26.634699251362,"chr16",79720074,79720084,79470079,79970079,"rs3813582",16,79749353,"t","c",0.7012,0.0358,0.0034,2.031e-26,25.6922900765952,450842,"chr16",79715451,79715461,79715451
"rs57652769","Tin_trans",2.319e-27,26.634699251362,"chr16",79720074,79720084,79470079,79970079,"rs4077450",16,79931595,"t","g",0.7189,-0.0398,0.0038,2.364e-25,24.6263525277908,441900,"chr16",79897693,79897703,79897693
"rs57652769","Tin_trans",2.319e-27,26.634699251362,"chr16",79720074,79720084,79470079,79970079,"rs4334315",16,79756197,"a","t",0.7117,0.0385,0.0037,1.686e-25,24.7731424297113,440311,"chr16",79722295,79722305,79722295
"rs57652769","Tin_trans",2.319e-27,26.634699251362,"chr16",79720074,79720084,79470079,79970079,"rs4575545",16,79755446,"a","g",0.2907,-0.038,0.0035,3.915e-27,26.407268233606,441900,"chr16",79721544,79721554,79721544
"rs57652769","Tin_trans",2.319e-27,26.634699251362,"chr16",79720074,79720084,79470079,79970079,"rs56738967",16,79740541,"c","g",0.2988,-0.0347,0.0034,5.82e-25,24.2350770153501,451930,"chr16",79706639,79706649,79706639
"rs57652769","Tin_trans",2.319e-27,26.634699251362,"chr16",79720074,79720084,79470079,79970079,"rs57652769",16,79753976,"t","c",0.2953,-0.0372,0.0034,2.319e-27,26.634699251362,451873,"chr16",79720074,79720084,79720074
"rs57652769","Tin_trans",2.319e-27,26.634699251362,"chr16",79720074,79720084,79470079,79970079,"rs58722186",16,79751591,"t","c",0.2948,-0.037,0.0034,3.139e-27,26.5032086843,441901,"chr16",79717689,79717699,79717689
"rs57652769","Tin_trans",2.319e-27,26.634699251362,"chr16",79720074,79720084,79470079,79970079,"rs7188445",16,79734987,"a","g",0.3094,-0.0326,0.0034,4.571e-22,21.3399887787107,441900,"chr16",79701085,79701095,79701085
"rs57652769","Tin_trans",2.319e-27,26.634699251362,"chr16",79720074,79720084,79470079,79970079,"rs7190187",16,79735178,"t","c",0.3109,-0.0334,0.0033,1.675e-23,22.7759851886271,451875,"chr16",79701276,79701286,79701276
"rs57652769","Tin_trans",2.319e-27,26.634699251362,"chr16",79720074,79720084,79470079,79970079,"rs7195321",16,79734962,"t","c",0.6889,0.0331,0.0034,7.251e-23,22.1396020948727,441900,"chr16",79701060,79701070,79701060
"rs57652769","Tin_trans",2.319e-27,26.634699251362,"chr16",79720074,79720084,79470079,79970079,"rs7202240",16,79745896,"a","g",0.2979,-0.0355,0.0034,4.219e-26,25.3747904746181,451941,"chr16",79711994,79712004,79711994
"rs57652769","Tin_trans",2.319e-27,26.634699251362,"chr16",79720074,79720084,79470079,79970079,"rs7203756",16,79745606,"a","t",0.7015,0.0353,0.0034,8.077e-26,25.0927499171187,450834,"chr16",79711704,79711714,79711704
"rs57652769","Tin_trans",2.319e-27,26.634699251362,"chr16",79720074,79720084,79470079,79970079,"rs73575076",16,79744148,"a","g",0.702,0.0351,0.0034,1.11e-25,24.9546770212133,451956,"chr16",79710246,79710256,79710246
"rs57652769","Tin_trans",2.319e-27,26.634699251362,"chr16",79720074,79720084,79470079,79970079,"rs73575079",16,79745241,"a","g",0.7015,0.0352,0.0034,8.801e-26,25.055467979008,451946,"chr16",79711339,79711349,79711339
"rs57652769","Tin_trans",2.319e-27,26.634699251362,"chr16",79720074,79720084,79470079,79970079,"rs73575083",16,79747855,"a","g",0.7015,0.0355,0.0034,3.863e-26,25.4130752918552,451944,"chr16",79713953,79713963,79713953
"rs57652769","Tin_trans",2.319e-27,26.634699251362,"chr16",79720074,79720084,79470079,79970079,"rs73575085",16,79748076,"c","g",0.2987,-0.0355,0.0034,5.062e-26,25.2956778591778,451941,"chr16",79714174,79714184,79714174
"rs57652769","Tin_trans",2.319e-27,26.634699251362,"chr16",79720074,79720084,79470079,79970079,"rs73575086",16,79748485,"t","c",0.7015,0.0356,0.0034,3.008e-26,25.5217221680804,451939,"chr16",79714583,79714593,79714583
"rs57652769","Tin_trans",2.319e-27,26.634699251362,"chr16",79720074,79720084,79470079,79970079,"rs73575095",16,79750332,"t","c",0.7014,0.0361,0.0034,8.781e-27,26.0564560228465,451944,"chr16",79716430,79716440,79716430
