"RSID_locus","RSID","chr_atac","start_atac","end_atac","type","ref","Pvalue_locus","log10P_locus","chr_hg38_locus","start_hg38_locus","end_hg38_locus","window_left","window_right","Chr","Pos_b37","Allele1","Allele2","Freq1","Effect","StdErr","P.value_correct","log10P","n_total_sum","chr_hg38","start_hg38","end_hg38","pos_hg38"
"rs1359232","rs1165177","chr6",25829353,25829553,"PCT","Tin_trans",5.59e-159,158.252588192114,"chr6",25809483,25809493,25559488,26059488,6,25829659,"a","t",0.5873,0.0864,0.0033,1.27e-150,149.896196279044,457689,"chr6",25829426,25829436,25829426
"rs1359232","rs1165182","chr6",25837472,25837824,"PCT","Tin_trans",5.59e-159,158.252588192114,"chr6",25809483,25809493,25559488,26059488,6,25837829,"a","g",0.4131,-0.086,0.0033,3.12e-149,148.505845405982,457675,"chr6",25837596,25837606,25837596
"rs1359232","rs1165183","chr6",25835940,25836262,"ENDO","Tin_trans",5.59e-159,158.252588192114,"chr6",25809483,25809493,25559488,26059488,6,25836380,"a","g",0.4162,-0.0861,0.0033,4.23e-149,148.373659632625,457672,"chr6",25836147,25836157,25836147
"rs1359232","rs1165183","chr6",25835786,25836470,"PCT","Tin_trans",5.59e-159,158.252588192114,"chr6",25809483,25809493,25559488,26059488,6,25836380,"a","g",0.4162,-0.0861,0.0033,4.23e-149,148.373659632625,457672,"chr6",25836147,25836157,25836147
"rs1359232","rs1165183","chr6",25835875,25836314,"PCT","Tin_trans",5.59e-159,158.252588192114,"chr6",25809483,25809493,25559488,26059488,6,25836380,"a","g",0.4162,-0.0861,0.0033,4.23e-149,148.373659632625,457672,"chr6",25836147,25836157,25836147
"rs1359232","rs1165183","chr6",25835870,25836558,"PCT","Tin_trans",5.59e-159,158.252588192114,"chr6",25809483,25809493,25559488,26059488,6,25836380,"a","g",0.4162,-0.0861,0.0033,4.23e-149,148.373659632625,457672,"chr6",25836147,25836157,25836147
"rs1359232","rs1165183","chr6",25835961,25836213,"PCT","Tin_trans",5.59e-159,158.252588192114,"chr6",25809483,25809493,25559488,26059488,6,25836380,"a","g",0.4162,-0.0861,0.0033,4.23e-149,148.373659632625,457672,"chr6",25836147,25836157,25836147
"rs1359232","rs1165183","chr6",25835861,25836588,"PCT","Tin_trans",5.59e-159,158.252588192114,"chr6",25809483,25809493,25559488,26059488,6,25836380,"a","g",0.4162,-0.0861,0.0033,4.23e-149,148.373659632625,457672,"chr6",25836147,25836157,25836147
"rs1359232","rs1165183","chr6",25836005,25836342,"PCT","Tin_trans",5.59e-159,158.252588192114,"chr6",25809483,25809493,25559488,26059488,6,25836380,"a","g",0.4162,-0.0861,0.0033,4.23e-149,148.373659632625,457672,"chr6",25836147,25836157,25836147
"rs1359232","rs1165183","chr6",25835942,25836165,"CDICA","Tin_trans",5.59e-159,158.252588192114,"chr6",25809483,25809493,25559488,26059488,6,25836380,"a","g",0.4162,-0.0861,0.0033,4.23e-149,148.373659632625,457672,"chr6",25836147,25836157,25836147
"rs1359232","rs11754288","chr6",25776477,25776718,"PCT","Tin_trans",5.59e-159,158.252588192114,"chr6",25809483,25809493,25559488,26059488,6,25776949,"a","g",0.387,-0.0854,0.0034,7.73e-142,141.111820506082,453156,"chr6",25776716,25776726,25776716
"rs1359232","rs11754288","chr6",25776560,25776841,"PCT","Tin_trans",5.59e-159,158.252588192114,"chr6",25809483,25809493,25559488,26059488,6,25776949,"a","g",0.387,-0.0854,0.0034,7.73e-142,141.111820506082,453156,"chr6",25776716,25776726,25776716
"rs1359232","rs11754288","chr6",25776641,25776899,"PCT","Tin_trans",5.59e-159,158.252588192114,"chr6",25809483,25809493,25559488,26059488,6,25776949,"a","g",0.387,-0.0854,0.0034,7.73e-142,141.111820506082,453156,"chr6",25776716,25776726,25776716
"rs1359232","rs3799344","chr6",25786161,25786824,"PCT","Tin_trans",5.59e-159,158.252588192114,"chr6",25809483,25809493,25559488,26059488,6,25786993,"t","c",0.416,-0.0676,0.0031,6.84e-103,102.16494389828,455465,"chr6",25786760,25786770,25786760
"rs1359232","rs765285","chr6",25827746,25828344,"PCT","Tin_trans",5.59e-159,158.252588192114,"chr6",25809483,25809493,25559488,26059488,6,25828242,"c","g",0.5872,0.0865,0.0033,8.1e-151,150.091514981121,457672,"chr6",25828009,25828019,25828009
"rs1359232","rs765285","chr6",25827527,25828052,"PCT","Tin_trans",5.59e-159,158.252588192114,"chr6",25809483,25809493,25559488,26059488,6,25828242,"c","g",0.5872,0.0865,0.0033,8.1e-151,150.091514981121,457672,"chr6",25828009,25828019,25828009
"rs531763","rs10792441","chr11",64593092,64593294,"PCT","Tin_trans",1.58e-246,245.801342913046,"chr11",64584586,64584596,64334591,64834591,11,64360629,"t","c",0.5616,-0.1152,0.0035,7.35e-240,239.133712660916,457684,"chr11",64593152,64593162,64593152
"rs531763","rs10897518","chr11",64593092,64593294,"PCT","Tin_trans",1.58e-246,245.801342913046,"chr11",64584586,64584596,64334591,64834591,11,64360705,"t","c",0.5612,-0.1149,0.0035,1.36e-238,237.86646109163,456579,"chr11",64593228,64593238,64593228
"rs531763","rs11602903","chr11",64590335,64591762,"PCT","Tin_trans",1.58e-246,245.801342913046,"chr11",64584586,64584596,64334591,64834591,11,64358241,"a","t",0.439,0.1149,0.0035,1.21e-239,238.917214629684,457689,"chr11",64590764,64590774,64590764
"rs531763","rs11602903","chr11",64590449,64591543,"PCT","Tin_trans",1.58e-246,245.801342913046,"chr11",64584586,64584596,64334591,64834591,11,64358241,"a","t",0.439,0.1149,0.0035,1.21e-239,238.917214629684,457689,"chr11",64590764,64590774,64590764
"rs531763","rs11602903","chr11",64590332,64591524,"PCT","Tin_trans",1.58e-246,245.801342913046,"chr11",64584586,64584596,64334591,64834591,11,64358241,"a","t",0.439,0.1149,0.0035,1.21e-239,238.917214629684,457689,"chr11",64590764,64590774,64590764
"rs531763","rs11602903","chr11",64590502,64591469,"PCT","Tin_trans",1.58e-246,245.801342913046,"chr11",64584586,64584596,64334591,64834591,11,64358241,"a","t",0.439,0.1149,0.0035,1.21e-239,238.917214629684,457689,"chr11",64590764,64590774,64590764
"rs531763","rs11602903","chr11",64590758,64591483,"PCT","Tin_trans",1.58e-246,245.801342913046,"chr11",64584586,64584596,64334591,64834591,11,64358241,"a","t",0.439,0.1149,0.0035,1.21e-239,238.917214629684,457689,"chr11",64590764,64590774,64590764
"rs531763","rs11602903","chr11",64590180,64591571,"PCT","Tin_trans",1.58e-246,245.801342913046,"chr11",64584586,64584596,64334591,64834591,11,64358241,"a","t",0.439,0.1149,0.0035,1.21e-239,238.917214629684,457689,"chr11",64590764,64590774,64590764
"rs531763","rs11607663","chr11",64600921,64601340,"PCT","Tin_trans",1.58e-246,245.801342913046,"chr11",64584586,64584596,64334591,64834591,11,64368670,"c","g",0.5469,-0.1171,0.0036,2.48e-226,225.605548319174,401617,"chr11",64601193,64601203,64601193
"rs531763","rs12802649","chr11",64591984,64592370,"PCT","Tin_trans",1.58e-246,245.801342913046,"chr11",64584586,64584596,64334591,64834591,11,64359627,"t","c",0.5611,-0.1149,0.0035,1.32e-239,238.879426068794,457688,"chr11",64592150,64592160,64592150
"rs531763","rs12802649","chr11",64591969,64592169,"PCT","Tin_trans",1.58e-246,245.801342913046,"chr11",64584586,64584596,64334591,64834591,11,64359627,"t","c",0.5611,-0.1149,0.0035,1.32e-239,238.879426068794,457688,"chr11",64592150,64592160,64592150
"rs531763","rs1529909","chr11",64598451,64598708,"PCT","Tin_trans",1.58e-246,245.801342913046,"chr11",64584586,64584596,64334591,64834591,11,64365943,"t","c",0.4357,0.1142,0.0035,1.47e-232,231.832682665252,457686,"chr11",64598466,64598476,64598466
"rs531763","rs2277311","chr11",64619637,64621261,"PCT","Tin_trans",1.58e-246,245.801342913046,"chr11",64584586,64584596,64334591,64834591,11,64387932,"a","g",0.5707,-0.109,0.0036,2.22e-201,200.653647025549,422278,"chr11",64620455,64620465,64620455
"rs531763","rs2277311","chr11",64619593,64621212,"PCT","Tin_trans",1.58e-246,245.801342913046,"chr11",64584586,64584596,64334591,64834591,11,64387932,"a","g",0.5707,-0.109,0.0036,2.22e-201,200.653647025549,422278,"chr11",64620455,64620465,64620455
"rs531763","rs2277311","chr11",64620354,64621156,"PCT","Tin_trans",1.58e-246,245.801342913046,"chr11",64584586,64584596,64334591,64834591,11,64387932,"a","g",0.5707,-0.109,0.0036,2.22e-201,200.653647025549,422278,"chr11",64620455,64620465,64620455
"rs531763","rs2277311","chr11",64619485,64621330,"PCT","Tin_trans",1.58e-246,245.801342913046,"chr11",64584586,64584596,64334591,64834591,11,64387932,"a","g",0.5707,-0.109,0.0036,2.22e-201,200.653647025549,422278,"chr11",64620455,64620465,64620455
"rs531763","rs2277311","chr11",64619340,64621325,"PCT","Tin_trans",1.58e-246,245.801342913046,"chr11",64584586,64584596,64334591,64834591,11,64387932,"a","g",0.5707,-0.109,0.0036,2.22e-201,200.653647025549,422278,"chr11",64620455,64620465,64620455
"rs531763","rs2277311","chr11",64620267,64621125,"PCT","Tin_trans",1.58e-246,245.801342913046,"chr11",64584586,64584596,64334591,64834591,11,64387932,"a","g",0.5707,-0.109,0.0036,2.22e-201,200.653647025549,422278,"chr11",64620455,64620465,64620455
"rs531763","rs2360872","chr11",64585749,64586240,"PCT","Tin_trans",1.58e-246,245.801342913046,"chr11",64584586,64584596,64334591,64834591,11,64353405,"t","c",0.4392,0.1153,0.0035,6.04e-239,238.218963061379,456737,"chr11",64585928,64585938,64585928
"rs531763","rs2360872","chr11",64585924,64586124,"LOH","Tin_trans",1.58e-246,245.801342913046,"chr11",64584586,64584596,64334591,64834591,11,64353405,"t","c",0.4392,0.1153,0.0035,6.04e-239,238.218963061379,456737,"chr11",64585928,64585938,64585928
"rs531763","rs2360872","chr11",64585735,64586389,"PCT","Tin_trans",1.58e-246,245.801342913046,"chr11",64584586,64584596,64334591,64834591,11,64353405,"t","c",0.4392,0.1153,0.0035,6.04e-239,238.218963061379,456737,"chr11",64585928,64585938,64585928
"rs531763","rs2360872","chr11",64585742,64586230,"PCT","Tin_trans",1.58e-246,245.801342913046,"chr11",64584586,64584596,64334591,64834591,11,64353405,"t","c",0.4392,0.1153,0.0035,6.04e-239,238.218963061379,456737,"chr11",64585928,64585938,64585928
"rs531763","rs2360872","chr11",64585747,64586240,"PCT","Tin_trans",1.58e-246,245.801342913046,"chr11",64584586,64584596,64334591,64834591,11,64353405,"t","c",0.4392,0.1153,0.0035,6.04e-239,238.218963061379,456737,"chr11",64585928,64585938,64585928
"rs531763","rs2360872","chr11",64585766,64586313,"PCT","Tin_trans",1.58e-246,245.801342913046,"chr11",64584586,64584596,64334591,64834591,11,64353405,"t","c",0.4392,0.1153,0.0035,6.04e-239,238.218963061379,456737,"chr11",64585928,64585938,64585928
"rs531763","rs2360872","chr11",64585738,64586266,"PCT","Tin_trans",1.58e-246,245.801342913046,"chr11",64584586,64584596,64334591,64834591,11,64353405,"t","c",0.4392,0.1153,0.0035,6.04e-239,238.218963061379,456737,"chr11",64585928,64585938,64585928
"rs531763","rs2360872","chr11",64585844,64586100,"CDICA","Tin_trans",1.58e-246,245.801342913046,"chr11",64584586,64584596,64334591,64834591,11,64353405,"t","c",0.4392,0.1153,0.0035,6.04e-239,238.218963061379,456737,"chr11",64585928,64585938,64585928
"rs531763","rs3825018","chr11",64590993,64591408,"DCT","Tin_trans",1.58e-246,245.801342913046,"chr11",64584586,64584596,64334591,64834591,11,64358809,"a","g",0.5611,-0.1151,0.0035,2.61e-240,239.583359492662,457653,"chr11",64591332,64591342,64591332
"rs531763","rs3825018","chr11",64590449,64591543,"PCT","Tin_trans",1.58e-246,245.801342913046,"chr11",64584586,64584596,64334591,64834591,11,64358809,"a","g",0.5611,-0.1151,0.0035,2.61e-240,239.583359492662,457653,"chr11",64591332,64591342,64591332
"rs531763","rs3825018","chr11",64590180,64591571,"PCT","Tin_trans",1.58e-246,245.801342913046,"chr11",64584586,64584596,64334591,64834591,11,64358809,"a","g",0.5611,-0.1151,0.0035,2.61e-240,239.583359492662,457653,"chr11",64591332,64591342,64591332
"rs531763","rs3825018","chr11",64590335,64591762,"PCT","Tin_trans",1.58e-246,245.801342913046,"chr11",64584586,64584596,64334591,64834591,11,64358809,"a","g",0.5611,-0.1151,0.0035,2.61e-240,239.583359492662,457653,"chr11",64591332,64591342,64591332
"rs531763","rs3825018","chr11",64590758,64591483,"PCT","Tin_trans",1.58e-246,245.801342913046,"chr11",64584586,64584596,64334591,64834591,11,64358809,"a","g",0.5611,-0.1151,0.0035,2.61e-240,239.583359492662,457653,"chr11",64591332,64591342,64591332
"rs531763","rs3825018","chr11",64590332,64591524,"PCT","Tin_trans",1.58e-246,245.801342913046,"chr11",64584586,64584596,64334591,64834591,11,64358809,"a","g",0.5611,-0.1151,0.0035,2.61e-240,239.583359492662,457653,"chr11",64591332,64591342,64591332
"rs531763","rs3825018","chr11",64590995,64591353,"CDPC","Tin_trans",1.58e-246,245.801342913046,"chr11",64584586,64584596,64334591,64834591,11,64358809,"a","g",0.5611,-0.1151,0.0035,2.61e-240,239.583359492662,457653,"chr11",64591332,64591342,64591332
"rs531763","rs3825018","chr11",64590502,64591469,"PCT","Tin_trans",1.58e-246,245.801342913046,"chr11",64584586,64584596,64334591,64834591,11,64358809,"a","g",0.5611,-0.1151,0.0035,2.61e-240,239.583359492662,457653,"chr11",64591332,64591342,64591332
"rs531763","rs505802","chr11",64589358,64589768,"PCT","Tin_trans",1.58e-246,245.801342913046,"chr11",64584586,64584596,64334591,64834591,11,64357072,"t","c",0.5608,-0.1164,0.0035,1.64e-246,245.785156151952,453145,"chr11",64589595,64589605,64589595
"rs531763","rs505802","chr11",64589330,64589771,"PCT","Tin_trans",1.58e-246,245.801342913046,"chr11",64584586,64584596,64334591,64834591,11,64357072,"t","c",0.5608,-0.1164,0.0035,1.64e-246,245.785156151952,453145,"chr11",64589595,64589605,64589595
"rs531763","rs505802","chr11",64589247,64589742,"PCT","Tin_trans",1.58e-246,245.801342913046,"chr11",64584586,64584596,64334591,64834591,11,64357072,"t","c",0.5608,-0.1164,0.0035,1.64e-246,245.785156151952,453145,"chr11",64589595,64589605,64589595
"rs531763","rs505802","chr11",64589233,64589864,"PCT","Tin_trans",1.58e-246,245.801342913046,"chr11",64584586,64584596,64334591,64834591,11,64357072,"t","c",0.5608,-0.1164,0.0035,1.64e-246,245.785156151952,453145,"chr11",64589595,64589605,64589595
"rs531763","rs505802","chr11",64589414,64589620,"PCT","Tin_trans",1.58e-246,245.801342913046,"chr11",64584586,64584596,64334591,64834591,11,64357072,"t","c",0.5608,-0.1164,0.0035,1.64e-246,245.785156151952,453145,"chr11",64589595,64589605,64589595
"rs531763","rs505802","chr11",64589323,64589752,"PCT","Tin_trans",1.58e-246,245.801342913046,"chr11",64584586,64584596,64334591,64834591,11,64357072,"t","c",0.5608,-0.1164,0.0035,1.64e-246,245.785156151952,453145,"chr11",64589595,64589605,64589595
"rs531763","rs505802","chr11",64589302,64589781,"PCT","Tin_trans",1.58e-246,245.801342913046,"chr11",64584586,64584596,64334591,64834591,11,64357072,"t","c",0.5608,-0.1164,0.0035,1.64e-246,245.785156151952,453145,"chr11",64589595,64589605,64589595
"rs531763","rs518053","chr11",64688440,64688730,"DCT","Tin_trans",1.58e-246,245.801342913046,"chr11",64584586,64584596,64334591,64834591,11,64456099,"t","c",0.5714,-0.1085,0.0036,1.87e-196,195.728158393464,421327,"chr11",64688622,64688632,64688622
"rs531763","rs518053","chr11",64688486,64688735,"PEC","Tin_trans",1.58e-246,245.801342913046,"chr11",64584586,64584596,64334591,64834591,11,64456099,"t","c",0.5714,-0.1085,0.0036,1.87e-196,195.728158393464,421327,"chr11",64688622,64688632,64688622
"rs531763","rs518053","chr11",64688398,64688979,"PCT","Tin_trans",1.58e-246,245.801342913046,"chr11",64584586,64584596,64334591,64834591,11,64456099,"t","c",0.5714,-0.1085,0.0036,1.87e-196,195.728158393464,421327,"chr11",64688622,64688632,64688622
"rs531763","rs518053","chr11",64688407,64688708,"CDICA","Tin_trans",1.58e-246,245.801342913046,"chr11",64584586,64584596,64334591,64834591,11,64456099,"t","c",0.5714,-0.1085,0.0036,1.87e-196,195.728158393464,421327,"chr11",64688622,64688632,64688622
"rs531763","rs518053","chr11",64688292,64689227,"PCT","Tin_trans",1.58e-246,245.801342913046,"chr11",64584586,64584596,64334591,64834591,11,64456099,"t","c",0.5714,-0.1085,0.0036,1.87e-196,195.728158393464,421327,"chr11",64688622,64688632,64688622
"rs531763","rs518053","chr11",64688435,64688973,"PODO","Tin_trans",1.58e-246,245.801342913046,"chr11",64584586,64584596,64334591,64834591,11,64456099,"t","c",0.5714,-0.1085,0.0036,1.87e-196,195.728158393464,421327,"chr11",64688622,64688632,64688622
"rs531763","rs518053","chr11",64688450,64688938,"LOH","Tin_trans",1.58e-246,245.801342913046,"chr11",64584586,64584596,64334591,64834591,11,64456099,"t","c",0.5714,-0.1085,0.0036,1.87e-196,195.728158393464,421327,"chr11",64688622,64688632,64688622
"rs531763","rs518053","chr11",64688440,64688948,"CDICA","Tin_trans",1.58e-246,245.801342913046,"chr11",64584586,64584596,64334591,64834591,11,64456099,"t","c",0.5714,-0.1085,0.0036,1.87e-196,195.728158393464,421327,"chr11",64688622,64688632,64688622
"rs531763","rs518053","chr11",64688445,64688962,"PCT","Tin_trans",1.58e-246,245.801342913046,"chr11",64584586,64584596,64334591,64834591,11,64456099,"t","c",0.5714,-0.1085,0.0036,1.87e-196,195.728158393464,421327,"chr11",64688622,64688632,64688622
"rs531763","rs518053","chr11",64688401,64688957,"PCT","Tin_trans",1.58e-246,245.801342913046,"chr11",64584586,64584596,64334591,64834591,11,64456099,"t","c",0.5714,-0.1085,0.0036,1.87e-196,195.728158393464,421327,"chr11",64688622,64688632,64688622
"rs531763","rs518053","chr11",64688499,64688699,"MES","Tin_trans",1.58e-246,245.801342913046,"chr11",64584586,64584596,64334591,64834591,11,64456099,"t","c",0.5714,-0.1085,0.0036,1.87e-196,195.728158393464,421327,"chr11",64688622,64688632,64688622
"rs531763","rs518053","chr11",64688437,64688744,"CDPC","Tin_trans",1.58e-246,245.801342913046,"chr11",64584586,64584596,64334591,64834591,11,64456099,"t","c",0.5714,-0.1085,0.0036,1.87e-196,195.728158393464,421327,"chr11",64688622,64688632,64688622
"rs531763","rs518053","chr11",64688445,64688660,"DCT","Tin_trans",1.58e-246,245.801342913046,"chr11",64584586,64584596,64334591,64834591,11,64456099,"t","c",0.5714,-0.1085,0.0036,1.87e-196,195.728158393464,421327,"chr11",64688622,64688632,64688622
"rs531763","rs518053","chr11",64688420,64689056,"PCT","Tin_trans",1.58e-246,245.801342913046,"chr11",64584586,64584596,64334591,64834591,11,64456099,"t","c",0.5714,-0.1085,0.0036,1.87e-196,195.728158393464,421327,"chr11",64688622,64688632,64688622
"rs531763","rs518053","chr11",64688508,64688984,"ENDO","Tin_trans",1.58e-246,245.801342913046,"chr11",64584586,64584596,64334591,64834591,11,64456099,"t","c",0.5714,-0.1085,0.0036,1.87e-196,195.728158393464,421327,"chr11",64688622,64688632,64688622
"rs531763","rs518053","chr11",64688444,64688722,"CDPC","Tin_trans",1.58e-246,245.801342913046,"chr11",64584586,64584596,64334591,64834591,11,64456099,"t","c",0.5714,-0.1085,0.0036,1.87e-196,195.728158393464,421327,"chr11",64688622,64688632,64688622
"rs531763","rs518053","chr11",64688401,64689027,"PCT","Tin_trans",1.58e-246,245.801342913046,"chr11",64584586,64584596,64334591,64834591,11,64456099,"t","c",0.5714,-0.1085,0.0036,1.87e-196,195.728158393464,421327,"chr11",64688622,64688632,64688622
"rs531763","rs519090","chr11",64688435,64688973,"PODO","Tin_trans",1.58e-246,245.801342913046,"chr11",64584586,64584596,64334591,64834591,11,64456240,"c","g",0.572,-0.1085,0.0036,5.56e-197,196.254925208418,422278,"chr11",64688763,64688773,64688763
"rs531763","rs519090","chr11",64688401,64688957,"PCT","Tin_trans",1.58e-246,245.801342913046,"chr11",64584586,64584596,64334591,64834591,11,64456240,"c","g",0.572,-0.1085,0.0036,5.56e-197,196.254925208418,422278,"chr11",64688763,64688773,64688763
"rs531763","rs519090","chr11",64688508,64688984,"ENDO","Tin_trans",1.58e-246,245.801342913046,"chr11",64584586,64584596,64334591,64834591,11,64456240,"c","g",0.572,-0.1085,0.0036,5.56e-197,196.254925208418,422278,"chr11",64688763,64688773,64688763
"rs531763","rs519090","chr11",64688440,64688948,"CDICA","Tin_trans",1.58e-246,245.801342913046,"chr11",64584586,64584596,64334591,64834591,11,64456240,"c","g",0.572,-0.1085,0.0036,5.56e-197,196.254925208418,422278,"chr11",64688763,64688773,64688763
"rs531763","rs519090","chr11",64688445,64688962,"PCT","Tin_trans",1.58e-246,245.801342913046,"chr11",64584586,64584596,64334591,64834591,11,64456240,"c","g",0.572,-0.1085,0.0036,5.56e-197,196.254925208418,422278,"chr11",64688763,64688773,64688763
"rs531763","rs519090","chr11",64688398,64688979,"PCT","Tin_trans",1.58e-246,245.801342913046,"chr11",64584586,64584596,64334591,64834591,11,64456240,"c","g",0.572,-0.1085,0.0036,5.56e-197,196.254925208418,422278,"chr11",64688763,64688773,64688763
"rs531763","rs519090","chr11",64688292,64689227,"PCT","Tin_trans",1.58e-246,245.801342913046,"chr11",64584586,64584596,64334591,64834591,11,64456240,"c","g",0.572,-0.1085,0.0036,5.56e-197,196.254925208418,422278,"chr11",64688763,64688773,64688763
"rs531763","rs519090","chr11",64688450,64688938,"LOH","Tin_trans",1.58e-246,245.801342913046,"chr11",64584586,64584596,64334591,64834591,11,64456240,"c","g",0.572,-0.1085,0.0036,5.56e-197,196.254925208418,422278,"chr11",64688763,64688773,64688763
"rs531763","rs519090","chr11",64688401,64689027,"PCT","Tin_trans",1.58e-246,245.801342913046,"chr11",64584586,64584596,64334591,64834591,11,64456240,"c","g",0.572,-0.1085,0.0036,5.56e-197,196.254925208418,422278,"chr11",64688763,64688773,64688763
"rs531763","rs519090","chr11",64688420,64689056,"PCT","Tin_trans",1.58e-246,245.801342913046,"chr11",64584586,64584596,64334591,64834591,11,64456240,"c","g",0.572,-0.1085,0.0036,5.56e-197,196.254925208418,422278,"chr11",64688763,64688773,64688763
"rs531763","rs519090","chr11",64688751,64688973,"MES","Tin_trans",1.58e-246,245.801342913046,"chr11",64584586,64584596,64334591,64834591,11,64456240,"c","g",0.572,-0.1085,0.0036,5.56e-197,196.254925208418,422278,"chr11",64688763,64688773,64688763
"rs531763","rs524023","chr11",64590335,64591762,"PCT","Tin_trans",1.58e-246,245.801342913046,"chr11",64584586,64584596,64334591,64834591,11,64358265,"t","c",0.4374,0.1155,0.0035,1.95e-245,244.709965388637,456739,"chr11",64590788,64590798,64590788
"rs531763","rs524023","chr11",64590332,64591524,"PCT","Tin_trans",1.58e-246,245.801342913046,"chr11",64584586,64584596,64334591,64834591,11,64358265,"t","c",0.4374,0.1155,0.0035,1.95e-245,244.709965388637,456739,"chr11",64590788,64590798,64590788
"rs531763","rs524023","chr11",64590449,64591543,"PCT","Tin_trans",1.58e-246,245.801342913046,"chr11",64584586,64584596,64334591,64834591,11,64358265,"t","c",0.4374,0.1155,0.0035,1.95e-245,244.709965388637,456739,"chr11",64590788,64590798,64590788
"rs531763","rs524023","chr11",64590502,64591469,"PCT","Tin_trans",1.58e-246,245.801342913046,"chr11",64584586,64584596,64334591,64834591,11,64358265,"t","c",0.4374,0.1155,0.0035,1.95e-245,244.709965388637,456739,"chr11",64590788,64590798,64590788
"rs531763","rs524023","chr11",64590779,64591303,"CDICA","Tin_trans",1.58e-246,245.801342913046,"chr11",64584586,64584596,64334591,64834591,11,64358265,"t","c",0.4374,0.1155,0.0035,1.95e-245,244.709965388637,456739,"chr11",64590788,64590798,64590788
"rs531763","rs524023","chr11",64590758,64591483,"PCT","Tin_trans",1.58e-246,245.801342913046,"chr11",64584586,64584596,64334591,64834591,11,64358265,"t","c",0.4374,0.1155,0.0035,1.95e-245,244.709965388637,456739,"chr11",64590788,64590798,64590788
"rs531763","rs524023","chr11",64590180,64591571,"PCT","Tin_trans",1.58e-246,245.801342913046,"chr11",64584586,64584596,64334591,64834591,11,64358265,"t","c",0.4374,0.1155,0.0035,1.95e-245,244.709965388637,456739,"chr11",64590788,64590798,64590788
"rs531763","rs537246","chr11",64593092,64593294,"PCT","Tin_trans",1.58e-246,245.801342913046,"chr11",64584586,64584596,64334591,64834591,11,64360630,"a","g",0.4356,0.1154,0.0035,7.62e-245,244.11804502866,457685,"chr11",64593153,64593163,64593153
"rs531763","rs544838","chr11",64661257,64661617,"MES","Tin_trans",1.58e-246,245.801342913046,"chr11",64584586,64584596,64334591,64834591,11,64429059,"t","c",0.441,0.1098,0.0035,6.16e-214,213.210419287836,457672,"chr11",64661582,64661592,64661582
"rs531763","rs555456","chr11",64650770,64651172,"PCT","Tin_trans",1.58e-246,245.801342913046,"chr11",64584586,64584596,64334591,64834591,11,64418259,"t","c",0.4415,0.1113,0.0035,4.64e-220,219.333482019445,457682,"chr11",64650782,64650792,64650782
"rs531763","rs559946","chr11",64590993,64591408,"DCT","Tin_trans",1.58e-246,245.801342913046,"chr11",64584586,64584596,64334591,64834591,11,64358605,"t","c",0.5627,-0.1153,0.0035,1.12e-244,243.95078197733,456737,"chr11",64591128,64591138,64591128
"rs531763","rs559946","chr11",64590335,64591762,"PCT","Tin_trans",1.58e-246,245.801342913046,"chr11",64584586,64584596,64334591,64834591,11,64358605,"t","c",0.5627,-0.1153,0.0035,1.12e-244,243.95078197733,456737,"chr11",64591128,64591138,64591128
"rs531763","rs559946","chr11",64590449,64591543,"PCT","Tin_trans",1.58e-246,245.801342913046,"chr11",64584586,64584596,64334591,64834591,11,64358605,"t","c",0.5627,-0.1153,0.0035,1.12e-244,243.95078197733,456737,"chr11",64591128,64591138,64591128
"rs531763","rs559946","chr11",64590180,64591571,"PCT","Tin_trans",1.58e-246,245.801342913046,"chr11",64584586,64584596,64334591,64834591,11,64358605,"t","c",0.5627,-0.1153,0.0035,1.12e-244,243.95078197733,456737,"chr11",64591128,64591138,64591128
"rs531763","rs559946","chr11",64590995,64591353,"CDPC","Tin_trans",1.58e-246,245.801342913046,"chr11",64584586,64584596,64334591,64834591,11,64358605,"t","c",0.5627,-0.1153,0.0035,1.12e-244,243.95078197733,456737,"chr11",64591128,64591138,64591128
"rs531763","rs559946","chr11",64590502,64591469,"PCT","Tin_trans",1.58e-246,245.801342913046,"chr11",64584586,64584596,64334591,64834591,11,64358605,"t","c",0.5627,-0.1153,0.0035,1.12e-244,243.95078197733,456737,"chr11",64591128,64591138,64591128
"rs531763","rs559946","chr11",64591026,64591247,"PODO","Tin_trans",1.58e-246,245.801342913046,"chr11",64584586,64584596,64334591,64834591,11,64358605,"t","c",0.5627,-0.1153,0.0035,1.12e-244,243.95078197733,456737,"chr11",64591128,64591138,64591128
"rs531763","rs559946","chr11",64590968,64591247,"ENDO","Tin_trans",1.58e-246,245.801342913046,"chr11",64584586,64584596,64334591,64834591,11,64358605,"t","c",0.5627,-0.1153,0.0035,1.12e-244,243.95078197733,456737,"chr11",64591128,64591138,64591128
"rs531763","rs559946","chr11",64590779,64591303,"CDICA","Tin_trans",1.58e-246,245.801342913046,"chr11",64584586,64584596,64334591,64834591,11,64358605,"t","c",0.5627,-0.1153,0.0035,1.12e-244,243.95078197733,456737,"chr11",64591128,64591138,64591128
"rs531763","rs559946","chr11",64590961,64591312,"DCT","Tin_trans",1.58e-246,245.801342913046,"chr11",64584586,64584596,64334591,64834591,11,64358605,"t","c",0.5627,-0.1153,0.0035,1.12e-244,243.95078197733,456737,"chr11",64591128,64591138,64591128
"rs531763","rs559946","chr11",64590758,64591483,"PCT","Tin_trans",1.58e-246,245.801342913046,"chr11",64584586,64584596,64334591,64834591,11,64358605,"t","c",0.5627,-0.1153,0.0035,1.12e-244,243.95078197733,456737,"chr11",64591128,64591138,64591128
"rs531763","rs559946","chr11",64590332,64591524,"PCT","Tin_trans",1.58e-246,245.801342913046,"chr11",64584586,64584596,64334591,64834591,11,64358605,"t","c",0.5627,-0.1153,0.0035,1.12e-244,243.95078197733,456737,"chr11",64591128,64591138,64591128
"rs531763","rs7932437","chr11",64605277,64606110,"PCT","Tin_trans",1.58e-246,245.801342913046,"chr11",64584586,64584596,64334591,64834591,11,64373504,"t","c",0.44,0.1107,0.0035,8.19e-219,218.08671609824,455499,"chr11",64606027,64606037,64606027
"rs531763","rs893007","chr11",64597984,64598252,"PCT","Tin_trans",1.58e-246,245.801342913046,"chr11",64584586,64584596,64334591,64834591,11,64365668,"a","c",0.5756,-0.1119,0.0036,2.93e-212,211.533132379646,422278,"chr11",64598191,64598201,64598191
"rs531763","rs9734313","chr11",64590335,64591762,"PCT","Tin_trans",1.58e-246,245.801342913046,"chr11",64584586,64584596,64334591,64834591,11,64358311,"t","c",0.561,-0.1148,0.0035,2.38e-239,238.623423042944,457690,"chr11",64590834,64590844,64590834
"rs531763","rs9734313","chr11",64590180,64591571,"PCT","Tin_trans",1.58e-246,245.801342913046,"chr11",64584586,64584596,64334591,64834591,11,64358311,"t","c",0.561,-0.1148,0.0035,2.38e-239,238.623423042944,457690,"chr11",64590834,64590844,64590834
"rs531763","rs9734313","chr11",64590502,64591469,"PCT","Tin_trans",1.58e-246,245.801342913046,"chr11",64584586,64584596,64334591,64834591,11,64358311,"t","c",0.561,-0.1148,0.0035,2.38e-239,238.623423042944,457690,"chr11",64590834,64590844,64590834
"rs531763","rs9734313","chr11",64590758,64591483,"PCT","Tin_trans",1.58e-246,245.801342913046,"chr11",64584586,64584596,64334591,64834591,11,64358311,"t","c",0.561,-0.1148,0.0035,2.38e-239,238.623423042944,457690,"chr11",64590834,64590844,64590834
"rs531763","rs9734313","chr11",64590449,64591543,"PCT","Tin_trans",1.58e-246,245.801342913046,"chr11",64584586,64584596,64334591,64834591,11,64358311,"t","c",0.561,-0.1148,0.0035,2.38e-239,238.623423042944,457690,"chr11",64590834,64590844,64590834
"rs531763","rs9734313","chr11",64590779,64591303,"CDICA","Tin_trans",1.58e-246,245.801342913046,"chr11",64584586,64584596,64334591,64834591,11,64358311,"t","c",0.561,-0.1148,0.0035,2.38e-239,238.623423042944,457690,"chr11",64590834,64590844,64590834
"rs531763","rs9734313","chr11",64590332,64591524,"PCT","Tin_trans",1.58e-246,245.801342913046,"chr11",64584586,64584596,64334591,64834591,11,64358311,"t","c",0.561,-0.1148,0.0035,2.38e-239,238.623423042944,457690,"chr11",64590834,64590844,64590834
"rs57652769","rs17689455","chr16",79712379,79712579,"ENDO","Tin_trans",2.319e-27,26.634699251362,"chr16",79720074,79720084,79470079,79970079,16,79746335,"a","t",0.2981,-0.0354,0.0034,5.575e-26,25.2537551282798,451941,"chr16",79712433,79712443,79712433
"rs57652769","rs17689455","chr16",79712175,79712633,"PCT","Tin_trans",2.319e-27,26.634699251362,"chr16",79720074,79720084,79470079,79970079,16,79746335,"a","t",0.2981,-0.0354,0.0034,5.575e-26,25.2537551282798,451941,"chr16",79712433,79712443,79712433
"rs57652769","rs17689455","chr16",79712325,79712633,"PCT","Tin_trans",2.319e-27,26.634699251362,"chr16",79720074,79720084,79470079,79970079,16,79746335,"a","t",0.2981,-0.0354,0.0034,5.575e-26,25.2537551282798,451941,"chr16",79712433,79712443,79712433
"rs57652769","rs17689455","chr16",79712325,79712603,"PCT","Tin_trans",2.319e-27,26.634699251362,"chr16",79720074,79720084,79470079,79970079,16,79746335,"a","t",0.2981,-0.0354,0.0034,5.575e-26,25.2537551282798,451941,"chr16",79712433,79712443,79712433
"rs57652769","rs17689455","chr16",79712318,79712651,"PCT","Tin_trans",2.319e-27,26.634699251362,"chr16",79720074,79720084,79470079,79970079,16,79746335,"a","t",0.2981,-0.0354,0.0034,5.575e-26,25.2537551282798,451941,"chr16",79712433,79712443,79712433
"rs57652769","rs17689455","chr16",79712330,79712632,"PCT","Tin_trans",2.319e-27,26.634699251362,"chr16",79720074,79720084,79470079,79970079,16,79746335,"a","t",0.2981,-0.0354,0.0034,5.575e-26,25.2537551282798,451941,"chr16",79712433,79712443,79712433
"rs57652769","rs4077450","chr16",79897565,79898213,"PCT","Tin_trans",2.319e-27,26.634699251362,"chr16",79720074,79720084,79470079,79970079,16,79931595,"t","g",0.7189,-0.0398,0.0038,2.364e-25,24.6263525277908,441900,"chr16",79897693,79897703,79897693
"rs57652769","rs4077450","chr16",79897686,79898128,"CDPC","Tin_trans",2.319e-27,26.634699251362,"chr16",79720074,79720084,79470079,79970079,16,79931595,"t","g",0.7189,-0.0398,0.0038,2.364e-25,24.6263525277908,441900,"chr16",79897693,79897703,79897693
"rs57652769","rs4077450","chr16",79897563,79898228,"ENDO","Tin_trans",2.319e-27,26.634699251362,"chr16",79720074,79720084,79470079,79970079,16,79931595,"t","g",0.7189,-0.0398,0.0038,2.364e-25,24.6263525277908,441900,"chr16",79897693,79897703,79897693
"rs57652769","rs4077450","chr16",79897150,79898293,"PCT","Tin_trans",2.319e-27,26.634699251362,"chr16",79720074,79720084,79470079,79970079,16,79931595,"t","g",0.7189,-0.0398,0.0038,2.364e-25,24.6263525277908,441900,"chr16",79897693,79897703,79897693
"rs57652769","rs4077450","chr16",79897574,79897996,"CDPC","Tin_trans",2.319e-27,26.634699251362,"chr16",79720074,79720084,79470079,79970079,16,79931595,"t","g",0.7189,-0.0398,0.0038,2.364e-25,24.6263525277908,441900,"chr16",79897693,79897703,79897693
"rs57652769","rs4077450","chr16",79897226,79898291,"PCT","Tin_trans",2.319e-27,26.634699251362,"chr16",79720074,79720084,79470079,79970079,16,79931595,"t","g",0.7189,-0.0398,0.0038,2.364e-25,24.6263525277908,441900,"chr16",79897693,79897703,79897693
"rs57652769","rs4077450","chr16",79897610,79898169,"PODO","Tin_trans",2.319e-27,26.634699251362,"chr16",79720074,79720084,79470079,79970079,16,79931595,"t","g",0.7189,-0.0398,0.0038,2.364e-25,24.6263525277908,441900,"chr16",79897693,79897703,79897693
"rs57652769","rs4077450","chr16",79897377,79898286,"PCT","Tin_trans",2.319e-27,26.634699251362,"chr16",79720074,79720084,79470079,79970079,16,79931595,"t","g",0.7189,-0.0398,0.0038,2.364e-25,24.6263525277908,441900,"chr16",79897693,79897703,79897693
"rs57652769","rs4077450","chr16",79896941,79898310,"PCT","Tin_trans",2.319e-27,26.634699251362,"chr16",79720074,79720084,79470079,79970079,16,79931595,"t","g",0.7189,-0.0398,0.0038,2.364e-25,24.6263525277908,441900,"chr16",79897693,79897703,79897693
"rs57652769","rs4077450","chr16",79897565,79898196,"CDICA","Tin_trans",2.319e-27,26.634699251362,"chr16",79720074,79720084,79470079,79970079,16,79931595,"t","g",0.7189,-0.0398,0.0038,2.364e-25,24.6263525277908,441900,"chr16",79897693,79897703,79897693
"rs57652769","rs4077450","chr16",79897186,79898234,"PCT","Tin_trans",2.319e-27,26.634699251362,"chr16",79720074,79720084,79470079,79970079,16,79931595,"t","g",0.7189,-0.0398,0.0038,2.364e-25,24.6263525277908,441900,"chr16",79897693,79897703,79897693
"rs57652769","rs4077450","chr16",79897222,79898269,"PCT","Tin_trans",2.319e-27,26.634699251362,"chr16",79720074,79720084,79470079,79970079,16,79931595,"t","g",0.7189,-0.0398,0.0038,2.364e-25,24.6263525277908,441900,"chr16",79897693,79897703,79897693
"rs57652769","rs4077450","chr16",79897575,79898151,"LOH","Tin_trans",2.319e-27,26.634699251362,"chr16",79720074,79720084,79470079,79970079,16,79931595,"t","g",0.7189,-0.0398,0.0038,2.364e-25,24.6263525277908,441900,"chr16",79897693,79897703,79897693
"rs57652769","rs4077450","chr16",79897605,79898010,"DCT","Tin_trans",2.319e-27,26.634699251362,"chr16",79720074,79720084,79470079,79970079,16,79931595,"t","g",0.7189,-0.0398,0.0038,2.364e-25,24.6263525277908,441900,"chr16",79897693,79897703,79897693
"rs57652769","rs4334315","chr16",79722273,79722548,"PCT","Tin_trans",2.319e-27,26.634699251362,"chr16",79720074,79720084,79470079,79970079,16,79756197,"a","t",0.7117,0.0385,0.0037,1.686e-25,24.7731424297113,440311,"chr16",79722295,79722305,79722295
"rs57652769","rs4575545","chr16",79721266,79721699,"PCT","Tin_trans",2.319e-27,26.634699251362,"chr16",79720074,79720084,79470079,79970079,16,79755446,"a","g",0.2907,-0.038,0.0035,3.915e-27,26.407268233606,441900,"chr16",79721544,79721554,79721544
"rs57652769","rs4575545","chr16",79720886,79722123,"PCT","Tin_trans",2.319e-27,26.634699251362,"chr16",79720074,79720084,79470079,79970079,16,79755446,"a","g",0.2907,-0.038,0.0035,3.915e-27,26.407268233606,441900,"chr16",79721544,79721554,79721544
"rs57652769","rs4575545","chr16",79721184,79721897,"PCT","Tin_trans",2.319e-27,26.634699251362,"chr16",79720074,79720084,79470079,79970079,16,79755446,"a","g",0.2907,-0.038,0.0035,3.915e-27,26.407268233606,441900,"chr16",79721544,79721554,79721544
"rs57652769","rs4575545","chr16",79721351,79721722,"PODO","Tin_trans",2.319e-27,26.634699251362,"chr16",79720074,79720084,79470079,79970079,16,79755446,"a","g",0.2907,-0.038,0.0035,3.915e-27,26.407268233606,441900,"chr16",79721544,79721554,79721544
"rs57652769","rs4575545","chr16",79721199,79721751,"PCT","Tin_trans",2.319e-27,26.634699251362,"chr16",79720074,79720084,79470079,79970079,16,79755446,"a","g",0.2907,-0.038,0.0035,3.915e-27,26.407268233606,441900,"chr16",79721544,79721554,79721544
"rs57652769","rs4575545","chr16",79721271,79721753,"ENDO","Tin_trans",2.319e-27,26.634699251362,"chr16",79720074,79720084,79470079,79970079,16,79755446,"a","g",0.2907,-0.038,0.0035,3.915e-27,26.407268233606,441900,"chr16",79721544,79721554,79721544
"rs57652769","rs4575545","chr16",79721202,79721689,"CDPC","Tin_trans",2.319e-27,26.634699251362,"chr16",79720074,79720084,79470079,79970079,16,79755446,"a","g",0.2907,-0.038,0.0035,3.915e-27,26.407268233606,441900,"chr16",79721544,79721554,79721544
"rs57652769","rs4575545","chr16",79721164,79721770,"PCT","Tin_trans",2.319e-27,26.634699251362,"chr16",79720074,79720084,79470079,79970079,16,79755446,"a","g",0.2907,-0.038,0.0035,3.915e-27,26.407268233606,441900,"chr16",79721544,79721554,79721544
"rs57652769","rs4575545","chr16",79721263,79721691,"LOH","Tin_trans",2.319e-27,26.634699251362,"chr16",79720074,79720084,79470079,79970079,16,79755446,"a","g",0.2907,-0.038,0.0035,3.915e-27,26.407268233606,441900,"chr16",79721544,79721554,79721544
"rs57652769","rs4575545","chr16",79721434,79721634,"PEC","Tin_trans",2.319e-27,26.634699251362,"chr16",79720074,79720084,79470079,79970079,16,79755446,"a","g",0.2907,-0.038,0.0035,3.915e-27,26.407268233606,441900,"chr16",79721544,79721554,79721544
"rs57652769","rs4575545","chr16",79721505,79721774,"MES","Tin_trans",2.319e-27,26.634699251362,"chr16",79720074,79720084,79470079,79970079,16,79755446,"a","g",0.2907,-0.038,0.0035,3.915e-27,26.407268233606,441900,"chr16",79721544,79721554,79721544
"rs57652769","rs4575545","chr16",79721283,79721711,"DCT","Tin_trans",2.319e-27,26.634699251362,"chr16",79720074,79720084,79470079,79970079,16,79755446,"a","g",0.2907,-0.038,0.0035,3.915e-27,26.407268233606,441900,"chr16",79721544,79721554,79721544
"rs57652769","rs4575545","chr16",79721207,79721634,"CDPC","Tin_trans",2.319e-27,26.634699251362,"chr16",79720074,79720084,79470079,79970079,16,79755446,"a","g",0.2907,-0.038,0.0035,3.915e-27,26.407268233606,441900,"chr16",79721544,79721554,79721544
"rs57652769","rs4575545","chr16",79721222,79721657,"CDICA","Tin_trans",2.319e-27,26.634699251362,"chr16",79720074,79720084,79470079,79970079,16,79755446,"a","g",0.2907,-0.038,0.0035,3.915e-27,26.407268233606,441900,"chr16",79721544,79721554,79721544
"rs57652769","rs4575545","chr16",79721069,79721773,"PCT","Tin_trans",2.319e-27,26.634699251362,"chr16",79720074,79720084,79470079,79970079,16,79755446,"a","g",0.2907,-0.038,0.0035,3.915e-27,26.407268233606,441900,"chr16",79721544,79721554,79721544
"rs57652769","rs4575545","chr16",79721194,79721835,"PCT","Tin_trans",2.319e-27,26.634699251362,"chr16",79720074,79720084,79470079,79970079,16,79755446,"a","g",0.2907,-0.038,0.0035,3.915e-27,26.407268233606,441900,"chr16",79721544,79721554,79721544
"rs57652769","rs58722186","chr16",79717530,79717800,"CDPC","Tin_trans",2.319e-27,26.634699251362,"chr16",79720074,79720084,79470079,79970079,16,79751591,"t","c",0.2948,-0.037,0.0034,3.139e-27,26.5032086843,441901,"chr16",79717689,79717699,79717689
"rs57652769","rs58722186","chr16",79717560,79718239,"DCT","Tin_trans",2.319e-27,26.634699251362,"chr16",79720074,79720084,79470079,79970079,16,79751591,"t","c",0.2948,-0.037,0.0034,3.139e-27,26.5032086843,441901,"chr16",79717689,79717699,79717689
"rs57652769","rs58722186","chr16",79717454,79718238,"DCT","Tin_trans",2.319e-27,26.634699251362,"chr16",79720074,79720084,79470079,79970079,16,79751591,"t","c",0.2948,-0.037,0.0034,3.139e-27,26.5032086843,441901,"chr16",79717689,79717699,79717689
